{"head": {"link": [], "vars": ["University"]}, "results": {"distinct": false, "bindings": [{"University": {"type": "uri", "value": "http://dbpedia.org/resource/Morgan_State_University"}}, {"University": {"type": "uri", "value": "http://dbpedia.org/resource/Towson_University"}}, {"University": {"type": "uri", "value": "http://dbpedia.org/resource/Baltimore_City_Community_College"}}, {"University": {"type": "uri", "value": "http://dbpedia.org/resource/University_of_Maryland_University_College"}}, {"University": {"type": "uri", "value": "http://dbpedia.org/resource/Baltimore_College_of_Dental_Surgery"}}, {"University": {"type": "uri", "value": "http://dbpedia.org/resource/University_of_Maryland_School_of_Public_Policy"}}, {"University": {"type": "uri", "value": "http://dbpedia.org/resource/University_of_Maryland_College_of_Agriculture_and_Natural_Resources"}}, {"University": {"type": "uri", "value": "http://dbpedia.org/resource/Garrett_College"}}, {"University": {"type": "uri", "value": "http://dbpedia.org/resource/Coppin_State_University"}}, {"University": {"type": "uri", "value": "http://dbpedia.org/resource/University_of_Maryland_School_of_Architecture"}}, {"University": {"type": "uri", "value": "http://dbpedia.org/resource/University_of_Maryland_College_of_Behavioral_and_Social_Sciences"}}, {"University": {"type": "uri", "value": "http://dbpedia.org/resource/University_of_Baltimore"}}, {"University": {"type": "uri", "value": "http://dbpedia.org/resource/Anne_Arundel_Community_College"}}, {"University": {"type": "uri", "value": "http://dbpedia.org/resource/University_of_Maryland%2C_Baltimore_County"}}, {"University": {"type": "uri", "value": "http://dbpedia.org/resource/Maryland_Institute_College_of_Art"}}, {"University": {"type": "uri", "value": "http://dbpedia.org/resource/Johns_Hopkins_University"}}, {"University": {"type": "uri", "value": "http://dbpedia.org/resource/Capitol_College"}}, {"University": {"type": "uri", "value": "http://dbpedia.org/resource/Baltimore_International_College"}}, {"University": {"type": "uri", "value": "http://dbpedia.org/resource/Washington_Adventist_University"}}, {"University": {"type": "uri", "value": "http://dbpedia.org/resource/University_of_Maryland,_College_Park"}}, {"University": {"type": "uri", "value": "http://dbpedia.org/resource/University_of_Maryland,_Baltimore"}}, {"University": {"type": "uri", "value": "http://dbpedia.org/resource/Loyola_University_Maryland"}}, {"University": {"type": "uri", "value": "http://dbpedia.org/resource/Whiting_School_of_Engineering"}}, {"University": {"type": "uri", "value": "http://dbpedia.org/resource/Uniformed_Services_University_of_the_Health_Sciences"}}, {"University": {"type": "uri", "value": "http://dbpedia.org/resource/Johns_Hopkins_School_of_Medicine"}}, {"University": {"type": "uri", "value": "http://dbpedia.org/resource/Harford_Community_College"}}, {"University": {"type": "uri", "value": "http://dbpedia.org/resource/National_Labor_College"}}, {"University": {"type": "uri", "value": "http://dbpedia.org/resource/Johns_Hopkins_School_of_Nursing"}}, {"University": {"type": "uri", "value": "http://dbpedia.org/resource/Camp_Airy"}}, {"University": {"type": "uri", "value": "http://dbpedia.org/resource/Camp_Louise"}}, {"University": {"type": "uri", "value": "http://dbpedia.org/resource/American_Career_Institute"}}, {"University": {"type": "uri", "value": "http://dbpedia.org/resource/Montgomery_College"}}, {"University": {"type": "uri", "value": "http://dbpedia.org/resource/Cecil_College"}}, {"University": {"type": "uri", "value": "http://dbpedia.org/resource/College_of_Southern_Maryland"}}, {"University": {"type": "uri", "value": "http://dbpedia.org/resource/Community_College_of_Baltimore_County"}}, {"University": {"type": "uri", "value": "http://dbpedia.org/resource/Chesapeake_College"}}, {"University": {"type": "uri", "value": "http://dbpedia.org/resource/United_States_Naval_Academy"}}, {"University": {"type": "uri", "value": "http://dbpedia.org/resource/Washington_College"}}, {"University": {"type": "uri", "value": "http://dbpedia.org/resource/Mount_St._Mary's_University"}}, {"University": {"type": "uri", "value": "http://dbpedia.org/resource/Frostburg_State_University"}}, {"University": {"type": "uri", "value": "http://dbpedia.org/resource/Sojourner%E2%80%93Douglass_College"}}, {"University": {"type": "uri", "value": "http://dbpedia.org/resource/Prince_George's_Community_College"}}, {"University": {"type": "uri", "value": "http://dbpedia.org/resource/Sellinger_School_of_Business_and_Management"}}, {"University": {"type": "uri", "value": "http://dbpedia.org/resource/Chesapeake_Baptist_College"}}, {"University": {"type": "uri", "value": "http://dbpedia.org/resource/Carroll_Community_College"}}, {"University": {"type": "uri", "value": "http://dbpedia.org/resource/TESST_College_of_Technology"}}, {"University": {"type": "uri", "value": "http://dbpedia.org/resource/Salisbury_University"}}, {"University": {"type": "uri", "value": "http://dbpedia.org/resource/University_of_Maryland,_Baltimore_County"}}, {"University": {"type": "uri", "value": "http://dbpedia.org/resource/St._Mary's_College_of_Maryland"}}, {"University": {"type": "uri", "value": "http://dbpedia.org/resource/University_of_Maryland_Eastern_Shore"}}, {"University": {"type": "uri", "value": "http://dbpedia.org/resource/Frederick_Community_College"}}, {"University": {"type": "uri", "value": "http://dbpedia.org/resource/Goucher_College"}}, {"University": {"type": "uri", "value": "http://dbpedia.org/resource/Notre_Dame_of_Maryland_University"}}, {"University": {"type": "uri", "value": "http://dbpedia.org/resource/Baltimore_Hebrew_University"}}, {"University": {"type": "uri", "value": "http://dbpedia.org/resource/Wor%E2%80%93Wic_Community_College"}}, {"University": {"type": "uri", "value": "http://dbpedia.org/resource/St._Mary's_Seminary_and_University"}}, {"University": {"type": "uri", "value": "http://dbpedia.org/resource/University_of_Maryland_Honors_College"}}, {"University": {"type": "uri", "value": "http://dbpedia.org/resource/Carey_Business_School"}}, {"University": {"type": "uri", "value": "http://dbpedia.org/resource/Maryland_Institute_for_Technology_in_the_Humanities"}}, {"University": {"type": "uri", "value": "http://dbpedia.org/resource/Investors_United_(School_of_Real_Estate_Investing)"}}, {"University": {"type": "uri", "value": "http://dbpedia.org/resource/University_of_Maryland%2C_Baltimore"}}, {"University": {"type": "uri", "value": "http://dbpedia.org/resource/St._Mary%27s_Seminary_and_University"}}, {"University": {"type": "uri", "value": "http://dbpedia.org/resource/Mount_St._Mary%27s_University"}}, {"University": {"type": "uri", "value": "http://dbpedia.org/resource/St._John's_College_(Annapolis/Santa_Fe%29"}}], "ordered": true}}