{"head": {"link": [], "vars": ["State", "Capital", "LargestCity"]}, "results": {"distinct": false, "bindings": [{"State": {"type": "uri", "value": "http://dbpedia.org/resource/Jefferson_(Pacific_state)"}, "LargestCity": {"type": "uri", "value": "http://dbpedia.org/resource/California"}, "Capital": {"type": "uri", "value": "http://dbpedia.org/resource/California"}}, {"State": {"type": "uri", "value": "http://dbpedia.org/resource/Jefferson_(Pacific_state)"}, "LargestCity": {"type": "uri", "value": "http://dbpedia.org/resource/Redding,_California"}, "Capital": {"type": "uri", "value": "http://dbpedia.org/resource/California"}}, {"State": {"type": "uri", "value": "http://dbpedia.org/resource/California"}, "LargestCity": {"type": "uri", "value": "http://dbpedia.org/resource/Los_Angeles"}, "Capital": {"type": "uri", "value": "http://dbpedia.org/resource/Sacramento,_California"}}, {"State": {"type": "uri", "value": "http://dbpedia.org/resource/Tennessee"}, "LargestCity": {"type": "uri", "value": "http://dbpedia.org/resource/Memphis,_Tennessee"}, "Capital": {"type": "uri", "value": "http://dbpedia.org/resource/Nashville,_Tennessee"}}, {"State": {"type": "uri", "value": "http://dbpedia.org/resource/North_Dakota"}, "LargestCity": {"type": "uri", "value": "http://dbpedia.org/resource/Fargo,_North_Dakota"}, "Capital": {"type": "uri", "value": "http://dbpedia.org/resource/Bismarck,_North_Dakota"}}, {"State": {"type": "uri", "value": "http://dbpedia.org/resource/Kansas"}, "LargestCity": {"type": "uri", "value": "http://dbpedia.org/resource/Wichita,_Kansas"}, "Capital": {"type": "uri", "value": "http://dbpedia.org/resource/Topeka,_Kansas"}}, {"State": {"type": "uri", "value": "http://dbpedia.org/resource/Missouri"}, "LargestCity": {"type": "uri", "value": "http://dbpedia.org/resource/Kansas_City,_Missouri"}, "Capital": {"type": "uri", "value": "http://dbpedia.org/resource/Jefferson_City,_Missouri"}}, {"State": {"type": "uri", "value": "http://dbpedia.org/resource/Texas"}, "LargestCity": {"type": "uri", "value": "http://dbpedia.org/resource/Houston"}, "Capital": {"type": "uri", "value": "http://dbpedia.org/resource/Austin,_Texas"}}, {"State": {"type": "uri", "value": "http://dbpedia.org/resource/Florida"}, "LargestCity": {"type": "uri", "value": "http://dbpedia.org/resource/Jacksonville,_Florida"}, "Capital": {"type": "uri", "value": "http://dbpedia.org/resource/Tallahassee,_Florida"}}, {"State": {"type": "uri", "value": "http://dbpedia.org/resource/Virginia"}, "LargestCity": {"type": "uri", "value": "http://dbpedia.org/resource/Virginia_Beach,_Virginia"}, "Capital": {"type": "uri", "value": "http://dbpedia.org/resource/Richmond,_Virginia"}}, {"State": {"type": "uri", "value": "http://dbpedia.org/resource/Alaska"}, "LargestCity": {"type": "uri", "value": "http://dbpedia.org/resource/Anchorage,_Alaska"}, "Capital": {"type": "uri", "value": "http://dbpedia.org/resource/Juneau,_Alaska"}}, {"State": {"type": "uri", "value": "http://dbpedia.org/resource/Kentucky"}, "LargestCity": {"type": "uri", "value": "http://dbpedia.org/resource/Louisville,_Kentucky"}, "Capital": {"type": "uri", "value": "http://dbpedia.org/resource/Frankfort,_Kentucky"}}, {"State": {"type": "uri", "value": "http://dbpedia.org/resource/Maine"}, "LargestCity": {"type": "uri", "value": "http://dbpedia.org/resource/Portland,_Maine"}, "Capital": {"type": "uri", "value": "http://dbpedia.org/resource/Augusta,_Maine"}}, {"State": {"type": "uri", "value": "http://dbpedia.org/resource/Maryland"}, "LargestCity": {"type": "uri", "value": "http://dbpedia.org/resource/Baltimore"}, "Capital": {"type": "uri", "value": "http://dbpedia.org/resource/Annapolis,_Maryland"}}, {"State": {"type": "uri", "value": "http://dbpedia.org/resource/Nevada"}, "LargestCity": {"type": "uri", "value": "http://dbpedia.org/resource/Las_Vegas"}, "Capital": {"type": "uri", "value": "http://dbpedia.org/resource/Carson_City,_Nevada"}}, {"State": {"type": "uri", "value": "http://dbpedia.org/resource/Vermont"}, "LargestCity": {"type": "uri", "value": "http://dbpedia.org/resource/Burlington,_Vermont"}, "Capital": {"type": "uri", "value": "http://dbpedia.org/resource/Montpelier,_Vermont"}}, {"State": {"type": "uri", "value": "http://dbpedia.org/resource/South_Dakota"}, "LargestCity": {"type": "uri", "value": "http://dbpedia.org/resource/Sioux_Falls,_South_Dakota"}, "Capital": {"type": "uri", "value": "http://dbpedia.org/resource/Pierre,_South_Dakota"}}, {"State": {"type": "uri", "value": "http://dbpedia.org/resource/Illinois"}, "LargestCity": {"type": "uri", "value": "http://dbpedia.org/resource/Chicago"}, "Capital": {"type": "uri", "value": "http://dbpedia.org/resource/Springfield,_Illinois"}}, {"State": {"type": "uri", "value": "http://dbpedia.org/resource/New_Mexico"}, "LargestCity": {"type": "uri", "value": "http://dbpedia.org/resource/Albuquerque,_New_Mexico"}, "Capital": {"type": "uri", "value": "http://dbpedia.org/resource/Santa_Fe,_New_Mexico"}}, {"State": {"type": "uri", "value": "http://dbpedia.org/resource/New_Jersey"}, "LargestCity": {"type": "uri", "value": "http://dbpedia.org/resource/Newark,_New_Jersey"}, "Capital": {"type": "uri", "value": "http://dbpedia.org/resource/Trenton,_New_Jersey"}}, {"State": {"type": "uri", "value": "http://dbpedia.org/resource/Nebraska"}, "LargestCity": {"type": "uri", "value": "http://dbpedia.org/resource/Omaha,_Nebraska"}, "Capital": {"type": "uri", "value": "http://dbpedia.org/resource/Lincoln,_Nebraska"}}, {"State": {"type": "uri", "value": "http://dbpedia.org/resource/Jefferson_(Pacific_state)"}, "LargestCity": {"type": "uri", "value": "http://dbpedia.org/resource/California"}, "Capital": {"type": "uri", "value": "http://dbpedia.org/resource/Yreka,_California"}}, {"State": {"type": "uri", "value": "http://dbpedia.org/resource/Jefferson_(Pacific_state)"}, "LargestCity": {"type": "uri", "value": "http://dbpedia.org/resource/Redding,_California"}, "Capital": {"type": "uri", "value": "http://dbpedia.org/resource/Yreka,_California"}}, {"State": {"type": "uri", "value": "http://dbpedia.org/resource/New_York"}, "LargestCity": {"type": "uri", "value": "http://dbpedia.org/resource/New_York_City"}, "Capital": {"type": "uri", "value": "http://dbpedia.org/resource/Albany,_New_York"}}, {"State": {"type": "uri", "value": "http://dbpedia.org/resource/Arizona"}, "LargestCity": {"type": "uri", "value": "http://dbpedia.org/resource/Capital_city"}, "Capital": {"type": "uri", "value": "http://dbpedia.org/resource/Phoenix,_Arizona"}}, {"State": {"type": "uri", "value": "http://dbpedia.org/resource/Iowa"}, "LargestCity": {"type": "uri", "value": "http://dbpedia.org/resource/List_of_capitals_in_the_United_States"}, "Capital": {"type": "uri", "value": "http://dbpedia.org/resource/Des_Moines,_Iowa"}}, {"State": {"type": "uri", "value": "http://dbpedia.org/resource/Louisiana"}, "LargestCity": {"type": "uri", "value": "http://dbpedia.org/resource/New_Orleans"}, "Capital": {"type": "uri", "value": "http://dbpedia.org/resource/Baton_Rouge,_Louisiana"}}, {"State": {"type": "uri", "value": "http://dbpedia.org/resource/Delaware"}, "LargestCity": {"type": "uri", "value": "http://dbpedia.org/resource/Wilmington,_Delaware"}, "Capital": {"type": "uri", "value": "http://dbpedia.org/resource/Dover,_Delaware"}}, {"State": {"type": "uri", "value": "http://dbpedia.org/resource/New_Hampshire"}, "LargestCity": {"type": "uri", "value": "http://dbpedia.org/resource/Manchester,_New_Hampshire"}, "Capital": {"type": "uri", "value": "http://dbpedia.org/resource/Concord,_New_Hampshire"}}, {"State": {"type": "uri", "value": "http://dbpedia.org/resource/Alabama"}, "LargestCity": {"type": "uri", "value": "http://dbpedia.org/resource/Birmingham,_Alabama"}, "Capital": {"type": "uri", "value": "http://dbpedia.org/resource/Montgomery,_Alabama"}}, {"State": {"type": "uri", "value": "http://dbpedia.org/resource/Montana"}, "LargestCity": {"type": "uri", "value": "http://dbpedia.org/resource/Billings,_Montana"}, "Capital": {"type": "uri", "value": "http://dbpedia.org/resource/Helena,_Montana"}}, {"State": {"type": "uri", "value": "http://dbpedia.org/resource/Michigan"}, "LargestCity": {"type": "uri", "value": "http://dbpedia.org/resource/Detroit"}, "Capital": {"type": "uri", "value": "http://dbpedia.org/resource/Lansing,_Michigan"}}, {"State": {"type": "uri", "value": "http://dbpedia.org/resource/North_Carolina"}, "LargestCity": {"type": "uri", "value": "http://dbpedia.org/resource/Charlotte,_North_Carolina"}, "Capital": {"type": "uri", "value": "http://dbpedia.org/resource/Raleigh,_North_Carolina"}}, {"State": {"type": "uri", "value": "http://dbpedia.org/resource/Connecticut"}, "LargestCity": {"type": "uri", "value": "http://dbpedia.org/resource/Bridgeport,_Connecticut"}, "Capital": {"type": "uri", "value": "http://dbpedia.org/resource/Hartford,_Connecticut"}}, {"State": {"type": "uri", "value": "http://dbpedia.org/resource/Minnesota"}, "LargestCity": {"type": "uri", "value": "http://dbpedia.org/resource/Minneapolis"}, "Capital": {"type": "uri", "value": "http://dbpedia.org/resource/Saint_Paul,_Minnesota"}}, {"State": {"type": "uri", "value": "http://dbpedia.org/resource/Pennsylvania"}, "LargestCity": {"type": "uri", "value": "http://dbpedia.org/resource/Philadelphia"}, "Capital": {"type": "uri", "value": "http://dbpedia.org/resource/Harrisburg,_Pennsylvania"}}, {"State": {"type": "uri", "value": "http://dbpedia.org/resource/Washington_(state)"}, "LargestCity": {"type": "uri", "value": "http://dbpedia.org/resource/Seattle"}, "Capital": {"type": "uri", "value": "http://dbpedia.org/resource/Olympia,_Washington"}}, {"State": {"type": "uri", "value": "http://dbpedia.org/resource/Wisconsin"}, "LargestCity": {"type": "uri", "value": "http://dbpedia.org/resource/Milwaukee"}, "Capital": {"type": "uri", "value": "http://dbpedia.org/resource/Madison,_Wisconsin"}}, {"State": {"type": "uri", "value": "http://dbpedia.org/resource/Oregon"}, "LargestCity": {"type": "uri", "value": "http://dbpedia.org/resource/Portland,_Oregon"}, "Capital": {"type": "uri", "value": "http://dbpedia.org/resource/Salem,_Oregon"}}], "ordered": true}}