{"head": {"link": [], "vars": ["University", "Undergraduate", "Graduate"]}, "results": {"distinct": false, "bindings": [{"University": {"type": "uri", "value": "http://dbpedia.org/resource/University_of_Maryland,_College_Park"}, "Undergraduate": {"datatype": "http://www.w3.org/2001/XMLSchema#integer", "type": "typed-literal", "value": "26922"}, "Graduate": {"datatype": "http://www.w3.org/2001/XMLSchema#integer", "type": "typed-literal", "value": "10719"}}, {"University": {"type": "uri", "value": "http://dbpedia.org/resource/Morgan_State_University"}, "Undergraduate": {"datatype": "http://www.w3.org/2001/XMLSchema#integer", "type": "typed-literal", "value": "6400"}, "Graduate": {"datatype": "http://www.w3.org/2001/XMLSchema#integer", "type": "typed-literal", "value": "1027"}}, {"University": {"type": "uri", "value": "http://dbpedia.org/resource/Towson_University"}, "Undergraduate": {"datatype": "http://www.w3.org/2001/XMLSchema#integer", "type": "typed-literal", "value": "17529"}, "Graduate": {"datatype": "http://www.w3.org/2001/XMLSchema#integer", "type": "typed-literal", "value": "4311"}}, {"University": {"type": "uri", "value": "http://dbpedia.org/resource/University_of_Maryland_University_College"}, "Undergraduate": {"datatype": "http://www.w3.org/2001/XMLSchema#integer", "type": "typed-literal", "value": "68996"}, "Graduate": {"datatype": "http://www.w3.org/2001/XMLSchema#integer", "type": "typed-literal", "value": "17475"}}, {"University": {"type": "uri", "value": "http://dbpedia.org/resource/Baltimore_College_of_Dental_Surgery"}}, {"University": {"type": "uri", "value": "http://dbpedia.org/resource/Robert_H._Smith_School_of_Business"}}, {"University": {"type": "uri", "value": "http://dbpedia.org/resource/University_of_Maryland_School_of_Public_Policy"}}, {"University": {"type": "uri", "value": "http://dbpedia.org/resource/University_of_Maryland_College_of_Information_Studies"}}, {"University": {"type": "uri", "value": "http://dbpedia.org/resource/University_of_Maryland_College_of_Agriculture_and_Natural_Resources"}}, {"University": {"type": "uri", "value": "http://dbpedia.org/resource/Garrett_College"}, "Undergraduate": {"datatype": "http://www.w3.org/2001/XMLSchema#integer", "type": "typed-literal", "value": "900"}}, {"University": {"type": "uri", "value": "http://dbpedia.org/resource/Coppin_State_University"}}, {"University": {"type": "uri", "value": "http://dbpedia.org/resource/University_of_Maryland_School_of_Architecture"}}, {"University": {"type": "uri", "value": "http://dbpedia.org/resource/University_of_Maryland_College_of_Behavioral_and_Social_Sciences"}}, {"University": {"type": "uri", "value": "http://dbpedia.org/resource/University_of_Maryland,_Baltimore_County"}, "Undergraduate": {"datatype": "http://www.w3.org/2001/XMLSchema#integer", "type": "typed-literal", "value": "10573"}, "Graduate": {"datatype": "http://www.w3.org/2001/XMLSchema#integer", "type": "typed-literal", "value": "2626"}}, {"University": {"type": "uri", "value": "http://dbpedia.org/resource/Anne_Arundel_Community_College"}}, {"University": {"type": "uri", "value": "http://dbpedia.org/resource/Philip_Merrill_College_of_Journalism"}}, {"University": {"type": "uri", "value": "http://dbpedia.org/resource/A._James_Clark_School_of_Engineering"}, "Undergraduate": {"datatype": "http://www.w3.org/2001/XMLSchema#integer", "type": "typed-literal", "value": "2436"}, "Graduate": {"datatype": "http://www.w3.org/2001/XMLSchema#integer", "type": "typed-literal", "value": "1618"}}, {"University": {"type": "uri", "value": "http://dbpedia.org/resource/McDaniel_College"}}, {"University": {"type": "uri", "value": "http://dbpedia.org/resource/Capitol_College"}, "Undergraduate": {"datatype": "http://www.w3.org/2001/XMLSchema#integer", "type": "typed-literal", "value": "342"}, "Graduate": {"datatype": "http://www.w3.org/2001/XMLSchema#integer", "type": "typed-literal", "value": "412"}}, {"University": {"type": "uri", "value": "http://dbpedia.org/resource/Baltimore_International_College"}}, {"University": {"type": "uri", "value": "http://dbpedia.org/resource/Washington_Adventist_University"}}, {"University": {"type": "uri", "value": "http://dbpedia.org/resource/University_of_Maryland,_Baltimore"}, "Undergraduate": {"datatype": "http://www.w3.org/2001/XMLSchema#integer", "type": "typed-literal", "value": "810"}, "Graduate": {"datatype": "http://www.w3.org/2001/XMLSchema#integer", "type": "typed-literal", "value": "5074"}}, {"University": {"type": "uri", "value": "http://dbpedia.org/resource/Loyola_University_Maryland"}, "Undergraduate": {"datatype": "http://www.w3.org/2001/XMLSchema#integer", "type": "typed-literal", "value": "3901"}, "Graduate": {"datatype": "http://www.w3.org/2001/XMLSchema#integer", "type": "typed-literal", "value": "2630"}}, {"University": {"type": "uri", "value": "http://dbpedia.org/resource/Whiting_School_of_Engineering"}}, {"University": {"type": "uri", "value": "http://dbpedia.org/resource/Uniformed_Services_University_of_the_Health_Sciences"}, "Graduate": {"datatype": "http://www.w3.org/2001/XMLSchema#integer", "type": "typed-literal", "value": "750"}}, {"University": {"type": "uri", "value": "http://dbpedia.org/resource/Johns_Hopkins_School_of_Medicine"}}, {"University": {"type": "uri", "value": "http://dbpedia.org/resource/Harford_Community_College"}}, {"University": {"type": "uri", "value": "http://dbpedia.org/resource/National_Labor_College"}, "Undergraduate": {"datatype": "http://www.w3.org/2001/XMLSchema#integer", "type": "typed-literal", "value": "983"}}, {"University": {"type": "uri", "value": "http://dbpedia.org/resource/Johns_Hopkins_School_of_Nursing"}}, {"University": {"type": "uri", "value": "http://dbpedia.org/resource/Camp_Airy"}}, {"University": {"type": "uri", "value": "http://dbpedia.org/resource/Camp_Louise"}}, {"University": {"type": "uri", "value": "http://dbpedia.org/resource/American_Career_Institute"}}, {"University": {"type": "uri", "value": "http://dbpedia.org/resource/Montgomery_College"}}, {"University": {"type": "uri", "value": "http://dbpedia.org/resource/Cecil_College"}}, {"University": {"type": "uri", "value": "http://dbpedia.org/resource/Stevenson_University"}}, {"University": {"type": "uri", "value": "http://dbpedia.org/resource/College_of_Southern_Maryland"}, "Undergraduate": {"datatype": "http://www.w3.org/2001/XMLSchema#integer", "type": "typed-literal", "value": "9979"}}, {"University": {"type": "uri", "value": "http://dbpedia.org/resource/Community_College_of_Baltimore_County"}}, {"University": {"type": "uri", "value": "http://dbpedia.org/resource/Chesapeake_College"}}, {"University": {"type": "uri", "value": "http://dbpedia.org/resource/Woodstock_College"}}, {"University": {"type": "uri", "value": "http://dbpedia.org/resource/Johns_Hopkins_University_School_of_Arts_and_Sciences"}}, {"University": {"type": "uri", "value": "http://dbpedia.org/resource/Walter_Reed_Tropical_Medicine_Course"}}, {"University": {"type": "uri", "value": "http://dbpedia.org/resource/United_States_Naval_Academy"}, "Undergraduate": {"datatype": "http://www.w3.org/2001/XMLSchema#integer", "type": "typed-literal", "value": "4400"}}, {"University": {"type": "uri", "value": "http://dbpedia.org/resource/Washington_College"}, "Undergraduate": {"datatype": "http://www.w3.org/2001/XMLSchema#integer", "type": "typed-literal", "value": "1350"}, "Graduate": {"datatype": "http://www.w3.org/2001/XMLSchema#integer", "type": "typed-literal", "value": "100"}}, {"University": {"type": "uri", "value": "http://dbpedia.org/resource/Mount_St._Mary's_University"}, "Undergraduate": {"datatype": "http://www.w3.org/2001/XMLSchema#integer", "type": "typed-literal", "value": "1600"}, "Graduate": {"datatype": "http://www.w3.org/2001/XMLSchema#integer", "type": "typed-literal", "value": "500"}}, {"University": {"type": "uri", "value": "http://dbpedia.org/resource/Frostburg_State_University"}, "Undergraduate": {"datatype": "http://www.w3.org/2001/XMLSchema#integer", "type": "typed-literal", "value": "5215"}, "Graduate": {"datatype": "http://www.w3.org/2001/XMLSchema#integer", "type": "typed-literal", "value": "918"}}, {"University": {"type": "uri", "value": "http://dbpedia.org/resource/Prince_George's_Community_College"}}, {"University": {"type": "uri", "value": "http://dbpedia.org/resource/Sellinger_School_of_Business_and_Management"}}, {"University": {"type": "uri", "value": "http://dbpedia.org/resource/Chesapeake_Baptist_College"}}, {"University": {"type": "uri", "value": "http://dbpedia.org/resource/Carroll_Community_College"}}, {"University": {"type": "uri", "value": "http://dbpedia.org/resource/TESST_College_of_Technology"}}, {"University": {"type": "uri", "value": "http://dbpedia.org/resource/Salisbury_University"}, "Undergraduate": {"datatype": "http://www.w3.org/2001/XMLSchema#integer", "type": "typed-literal", "value": "7892"}, "Graduate": {"datatype": "http://www.w3.org/2001/XMLSchema#integer", "type": "typed-literal", "value": "714"}}, {"University": {"type": "uri", "value": "http://dbpedia.org/resource/St._Mary's_College_of_Maryland"}, "Undergraduate": {"datatype": "http://www.w3.org/2001/XMLSchema#integer", "type": "typed-literal", "value": "2035"}, "Graduate": {"datatype": "http://www.w3.org/2001/XMLSchema#integer", "type": "typed-literal", "value": "40"}}, {"University": {"type": "uri", "value": "http://dbpedia.org/resource/University_of_Maryland_Eastern_Shore"}, "Undergraduate": {"datatype": "http://www.w3.org/2001/XMLSchema#integer", "type": "typed-literal", "value": "3922"}}, {"University": {"type": "uri", "value": "http://dbpedia.org/resource/University_of_Baltimore"}, "Undergraduate": {"datatype": "http://www.w3.org/2001/XMLSchema#integer", "type": "typed-literal", "value": "2412"}, "Graduate": {"datatype": "http://www.w3.org/2001/XMLSchema#integer", "type": "typed-literal", "value": "3003"}}, {"University": {"type": "uri", "value": "http://dbpedia.org/resource/Frederick_Community_College"}}, {"University": {"type": "uri", "value": "http://dbpedia.org/resource/Goucher_College"}, "Undergraduate": {"datatype": "http://www.w3.org/2001/XMLSchema#integer", "type": "typed-literal", "value": "1475"}, "Graduate": {"datatype": "http://www.w3.org/2001/XMLSchema#integer", "type": "typed-literal", "value": "900"}}, {"University": {"type": "uri", "value": "http://dbpedia.org/resource/Notre_Dame_of_Maryland_University"}}, {"University": {"type": "uri", "value": "http://dbpedia.org/resource/Baltimore_Hebrew_University"}, "Undergraduate": {"datatype": "http://www.w3.org/2001/XMLSchema#integer", "type": "typed-literal", "value": "20"}, "Graduate": {"datatype": "http://www.w3.org/2001/XMLSchema#integer", "type": "typed-literal", "value": "100"}}, {"University": {"type": "uri", "value": "http://dbpedia.org/resource/Johns_Hopkins_Bloomberg_School_of_Public_Health"}}, {"University": {"type": "uri", "value": "http://dbpedia.org/resource/Wor%E2%80%93Wic_Community_College"}}, {"University": {"type": "uri", "value": "http://dbpedia.org/resource/St._Mary's_Seminary_and_University"}}, {"University": {"type": "uri", "value": "http://dbpedia.org/resource/University_of_Maryland_Honors_College"}, "Undergraduate": {"datatype": "http://www.w3.org/2001/XMLSchema#integer", "type": "typed-literal", "value": "4000"}}, {"University": {"type": "uri", "value": "http://dbpedia.org/resource/Carey_Business_School"}, "Undergraduate": {"datatype": "http://www.w3.org/2001/XMLSchema#integer", "type": "typed-literal", "value": "142"}, "Graduate": {"datatype": "http://www.w3.org/2001/XMLSchema#integer", "type": "typed-literal", "value": "1840"}}, {"University": {"type": "uri", "value": "http://dbpedia.org/resource/Maryland_Institute_for_Technology_in_the_Humanities"}}, {"University": {"type": "uri", "value": "http://dbpedia.org/resource/Investors_United_(School_of_Real_Estate_Investing)"}}], "ordered": true}}