{"head": {"link": [], "vars": ["University", "Undergraduate", "Graduate", "Total"]}, "results": {"distinct": false, "bindings": [{"University": {"type": "uri", "value": "http://dbpedia.org/resource/University_of_Maryland_University_College"}, "Total": {"datatype": "http://www.w3.org/2001/XMLSchema#integer", "type": "typed-literal", "value": "86471"}, "Undergraduate": {"datatype": "http://www.w3.org/2001/XMLSchema#integer", "type": "typed-literal", "value": "68996"}, "Graduate": {"datatype": "http://www.w3.org/2001/XMLSchema#integer", "type": "typed-literal", "value": "17475"}}, {"University": {"type": "uri", "value": "http://dbpedia.org/resource/University_of_Maryland,_College_Park"}, "Total": {"datatype": "http://www.w3.org/2001/XMLSchema#integer", "type": "typed-literal", "value": "37641"}, "Undergraduate": {"datatype": "http://www.w3.org/2001/XMLSchema#integer", "type": "typed-literal", "value": "26922"}, "Graduate": {"datatype": "http://www.w3.org/2001/XMLSchema#integer", "type": "typed-literal", "value": "10719"}}, {"University": {"type": "uri", "value": "http://dbpedia.org/resource/Towson_University"}, "Total": {"datatype": "http://www.w3.org/2001/XMLSchema#integer", "type": "typed-literal", "value": "21840"}, "Undergraduate": {"datatype": "http://www.w3.org/2001/XMLSchema#integer", "type": "typed-literal", "value": "17529"}, "Graduate": {"datatype": "http://www.w3.org/2001/XMLSchema#integer", "type": "typed-literal", "value": "4311"}}, {"University": {"type": "uri", "value": "http://dbpedia.org/resource/University_of_Maryland,_Baltimore_County"}, "Total": {"datatype": "http://www.w3.org/2001/XMLSchema#integer", "type": "typed-literal", "value": "13199"}, "Undergraduate": {"datatype": "http://www.w3.org/2001/XMLSchema#integer", "type": "typed-literal", "value": "10573"}, "Graduate": {"datatype": "http://www.w3.org/2001/XMLSchema#integer", "type": "typed-literal", "value": "2626"}}, {"University": {"type": "uri", "value": "http://dbpedia.org/resource/College_of_Southern_Maryland"}, "Total": {"datatype": "http://www.w3.org/2001/XMLSchema#integer", "type": "typed-literal", "value": "9979"}, "Undergraduate": {"datatype": "http://www.w3.org/2001/XMLSchema#integer", "type": "typed-literal", "value": "9979"}}, {"University": {"type": "uri", "value": "http://dbpedia.org/resource/Salisbury_University"}, "Total": {"datatype": "http://www.w3.org/2001/XMLSchema#integer", "type": "typed-literal", "value": "8606"}, "Undergraduate": {"datatype": "http://www.w3.org/2001/XMLSchema#integer", "type": "typed-literal", "value": "7892"}, "Graduate": {"datatype": "http://www.w3.org/2001/XMLSchema#integer", "type": "typed-literal", "value": "714"}}, {"University": {"type": "uri", "value": "http://dbpedia.org/resource/Morgan_State_University"}, "Total": {"datatype": "http://www.w3.org/2001/XMLSchema#integer", "type": "typed-literal", "value": "7427"}, "Undergraduate": {"datatype": "http://www.w3.org/2001/XMLSchema#integer", "type": "typed-literal", "value": "6400"}, "Graduate": {"datatype": "http://www.w3.org/2001/XMLSchema#integer", "type": "typed-literal", "value": "1027"}}, {"University": {"type": "uri", "value": "http://dbpedia.org/resource/Loyola_University_Maryland"}, "Total": {"datatype": "http://www.w3.org/2001/XMLSchema#integer", "type": "typed-literal", "value": "6531"}, "Undergraduate": {"datatype": "http://www.w3.org/2001/XMLSchema#integer", "type": "typed-literal", "value": "3901"}, "Graduate": {"datatype": "http://www.w3.org/2001/XMLSchema#integer", "type": "typed-literal", "value": "2630"}}, {"University": {"type": "uri", "value": "http://dbpedia.org/resource/Frostburg_State_University"}, "Total": {"datatype": "http://www.w3.org/2001/XMLSchema#integer", "type": "typed-literal", "value": "6133"}, "Undergraduate": {"datatype": "http://www.w3.org/2001/XMLSchema#integer", "type": "typed-literal", "value": "5215"}, "Graduate": {"datatype": "http://www.w3.org/2001/XMLSchema#integer", "type": "typed-literal", "value": "918"}}, {"University": {"type": "uri", "value": "http://dbpedia.org/resource/University_of_Maryland,_Baltimore"}, "Total": {"datatype": "http://www.w3.org/2001/XMLSchema#integer", "type": "typed-literal", "value": "5884"}, "Undergraduate": {"datatype": "http://www.w3.org/2001/XMLSchema#integer", "type": "typed-literal", "value": "810"}, "Graduate": {"datatype": "http://www.w3.org/2001/XMLSchema#integer", "type": "typed-literal", "value": "5074"}}, {"University": {"type": "uri", "value": "http://dbpedia.org/resource/University_of_Baltimore"}, "Total": {"datatype": "http://www.w3.org/2001/XMLSchema#integer", "type": "typed-literal", "value": "5415"}, "Undergraduate": {"datatype": "http://www.w3.org/2001/XMLSchema#integer", "type": "typed-literal", "value": "2412"}, "Graduate": {"datatype": "http://www.w3.org/2001/XMLSchema#integer", "type": "typed-literal", "value": "3003"}}, {"University": {"type": "uri", "value": "http://dbpedia.org/resource/United_States_Naval_Academy"}, "Total": {"datatype": "http://www.w3.org/2001/XMLSchema#integer", "type": "typed-literal", "value": "4400"}, "Undergraduate": {"datatype": "http://www.w3.org/2001/XMLSchema#integer", "type": "typed-literal", "value": "4400"}}, {"University": {"type": "uri", "value": "http://dbpedia.org/resource/A._James_Clark_School_of_Engineering"}, "Total": {"datatype": "http://www.w3.org/2001/XMLSchema#integer", "type": "typed-literal", "value": "4054"}, "Undergraduate": {"datatype": "http://www.w3.org/2001/XMLSchema#integer", "type": "typed-literal", "value": "2436"}, "Graduate": {"datatype": "http://www.w3.org/2001/XMLSchema#integer", "type": "typed-literal", "value": "1618"}}, {"University": {"type": "uri", "value": "http://dbpedia.org/resource/University_of_Maryland_Honors_College"}, "Total": {"datatype": "http://www.w3.org/2001/XMLSchema#integer", "type": "typed-literal", "value": "4000"}, "Undergraduate": {"datatype": "http://www.w3.org/2001/XMLSchema#integer", "type": "typed-literal", "value": "4000"}}, {"University": {"type": "uri", "value": "http://dbpedia.org/resource/University_of_Maryland_Eastern_Shore"}, "Total": {"datatype": "http://www.w3.org/2001/XMLSchema#integer", "type": "typed-literal", "value": "3922"}, "Undergraduate": {"datatype": "http://www.w3.org/2001/XMLSchema#integer", "type": "typed-literal", "value": "3922"}}, {"University": {"type": "uri", "value": "http://dbpedia.org/resource/Goucher_College"}, "Total": {"datatype": "http://www.w3.org/2001/XMLSchema#integer", "type": "typed-literal", "value": "2375"}, "Undergraduate": {"datatype": "http://www.w3.org/2001/XMLSchema#integer", "type": "typed-literal", "value": "1475"}, "Graduate": {"datatype": "http://www.w3.org/2001/XMLSchema#integer", "type": "typed-literal", "value": "900"}}, {"University": {"type": "uri", "value": "http://dbpedia.org/resource/Mount_St._Mary's_University"}, "Total": {"datatype": "http://www.w3.org/2001/XMLSchema#integer", "type": "typed-literal", "value": "2100"}, "Undergraduate": {"datatype": "http://www.w3.org/2001/XMLSchema#integer", "type": "typed-literal", "value": "1600"}, "Graduate": {"datatype": "http://www.w3.org/2001/XMLSchema#integer", "type": "typed-literal", "value": "500"}}, {"University": {"type": "uri", "value": "http://dbpedia.org/resource/St._Mary's_College_of_Maryland"}, "Total": {"datatype": "http://www.w3.org/2001/XMLSchema#integer", "type": "typed-literal", "value": "2075"}, "Undergraduate": {"datatype": "http://www.w3.org/2001/XMLSchema#integer", "type": "typed-literal", "value": "2035"}, "Graduate": {"datatype": "http://www.w3.org/2001/XMLSchema#integer", "type": "typed-literal", "value": "40"}}, {"University": {"type": "uri", "value": "http://dbpedia.org/resource/Carey_Business_School"}, "Total": {"datatype": "http://www.w3.org/2001/XMLSchema#integer", "type": "typed-literal", "value": "1982"}, "Undergraduate": {"datatype": "http://www.w3.org/2001/XMLSchema#integer", "type": "typed-literal", "value": "142"}, "Graduate": {"datatype": "http://www.w3.org/2001/XMLSchema#integer", "type": "typed-literal", "value": "1840"}}, {"University": {"type": "uri", "value": "http://dbpedia.org/resource/Washington_College"}, "Total": {"datatype": "http://www.w3.org/2001/XMLSchema#integer", "type": "typed-literal", "value": "1450"}, "Undergraduate": {"datatype": "http://www.w3.org/2001/XMLSchema#integer", "type": "typed-literal", "value": "1350"}, "Graduate": {"datatype": "http://www.w3.org/2001/XMLSchema#integer", "type": "typed-literal", "value": "100"}}, {"University": {"type": "uri", "value": "http://dbpedia.org/resource/National_Labor_College"}, "Total": {"datatype": "http://www.w3.org/2001/XMLSchema#integer", "type": "typed-literal", "value": "983"}, "Undergraduate": {"datatype": "http://www.w3.org/2001/XMLSchema#integer", "type": "typed-literal", "value": "983"}}, {"University": {"type": "uri", "value": "http://dbpedia.org/resource/Garrett_College"}, "Total": {"datatype": "http://www.w3.org/2001/XMLSchema#integer", "type": "typed-literal", "value": "900"}, "Undergraduate": {"datatype": "http://www.w3.org/2001/XMLSchema#integer", "type": "typed-literal", "value": "900"}}, {"University": {"type": "uri", "value": "http://dbpedia.org/resource/Capitol_College"}, "Total": {"datatype": "http://www.w3.org/2001/XMLSchema#integer", "type": "typed-literal", "value": "754"}, "Undergraduate": {"datatype": "http://www.w3.org/2001/XMLSchema#integer", "type": "typed-literal", "value": "342"}, "Graduate": {"datatype": "http://www.w3.org/2001/XMLSchema#integer", "type": "typed-literal", "value": "412"}}, {"University": {"type": "uri", "value": "http://dbpedia.org/resource/Uniformed_Services_University_of_the_Health_Sciences"}, "Total": {"datatype": "http://www.w3.org/2001/XMLSchema#integer", "type": "typed-literal", "value": "750"}, "Graduate": {"datatype": "http://www.w3.org/2001/XMLSchema#integer", "type": "typed-literal", "value": "750"}}, {"University": {"type": "uri", "value": "http://dbpedia.org/resource/Baltimore_Hebrew_University"}, "Total": {"datatype": "http://www.w3.org/2001/XMLSchema#integer", "type": "typed-literal", "value": "120"}, "Undergraduate": {"datatype": "http://www.w3.org/2001/XMLSchema#integer", "type": "typed-literal", "value": "20"}, "Graduate": {"datatype": "http://www.w3.org/2001/XMLSchema#integer", "type": "typed-literal", "value": "100"}}, {"University": {"type": "uri", "value": "http://dbpedia.org/resource/Anne_Arundel_Community_College"}, "Total": {"datatype": "http://www.w3.org/2001/XMLSchema#integer", "type": "typed-literal", "value": "0"}}, {"University": {"type": "uri", "value": "http://dbpedia.org/resource/University_of_Maryland_School_of_Public_Policy"}, "Total": {"datatype": "http://www.w3.org/2001/XMLSchema#integer", "type": "typed-literal", "value": "0"}}, {"University": {"type": "uri", "value": "http://dbpedia.org/resource/Coppin_State_University"}, "Total": {"datatype": "http://www.w3.org/2001/XMLSchema#integer", "type": "typed-literal", "value": "0"}}, {"University": {"type": "uri", "value": "http://dbpedia.org/resource/University_of_Maryland_School_of_Architecture"}, "Total": {"datatype": "http://www.w3.org/2001/XMLSchema#integer", "type": "typed-literal", "value": "0"}}, {"University": {"type": "uri", "value": "http://dbpedia.org/resource/Philip_Merrill_College_of_Journalism"}, "Total": {"datatype": "http://www.w3.org/2001/XMLSchema#integer", "type": "typed-literal", "value": "0"}}, {"University": {"type": "uri", "value": "http://dbpedia.org/resource/Robert_H._Smith_School_of_Business"}, "Total": {"datatype": "http://www.w3.org/2001/XMLSchema#integer", "type": "typed-literal", "value": "0"}}, {"University": {"type": "uri", "value": "http://dbpedia.org/resource/Baltimore_College_of_Dental_Surgery"}, "Total": {"datatype": "http://www.w3.org/2001/XMLSchema#integer", "type": "typed-literal", "value": "0"}}, {"University": {"type": "uri", "value": "http://dbpedia.org/resource/University_of_Maryland_College_of_Information_Studies"}, "Total": {"datatype": "http://www.w3.org/2001/XMLSchema#integer", "type": "typed-literal", "value": "0"}}, {"University": {"type": "uri", "value": "http://dbpedia.org/resource/University_of_Maryland_College_of_Agriculture_and_Natural_Resources"}, "Total": {"datatype": "http://www.w3.org/2001/XMLSchema#integer", "type": "typed-literal", "value": "0"}}, {"University": {"type": "uri", "value": "http://dbpedia.org/resource/University_of_Maryland_College_of_Behavioral_and_Social_Sciences"}, "Total": {"datatype": "http://www.w3.org/2001/XMLSchema#integer", "type": "typed-literal", "value": "0"}}, {"University": {"type": "uri", "value": "http://dbpedia.org/resource/Baltimore_International_College"}, "Total": {"datatype": "http://www.w3.org/2001/XMLSchema#integer", "type": "typed-literal", "value": "0"}}, {"University": {"type": "uri", "value": "http://dbpedia.org/resource/Washington_Adventist_University"}, "Total": {"datatype": "http://www.w3.org/2001/XMLSchema#integer", "type": "typed-literal", "value": "0"}}, {"University": {"type": "uri", "value": "http://dbpedia.org/resource/McDaniel_College"}, "Total": {"datatype": "http://www.w3.org/2001/XMLSchema#integer", "type": "typed-literal", "value": "0"}}, {"University": {"type": "uri", "value": "http://dbpedia.org/resource/Harford_Community_College"}, "Total": {"datatype": "http://www.w3.org/2001/XMLSchema#integer", "type": "typed-literal", "value": "0"}}, {"University": {"type": "uri", "value": "http://dbpedia.org/resource/Montgomery_College"}, "Total": {"datatype": "http://www.w3.org/2001/XMLSchema#integer", "type": "typed-literal", "value": "0"}}, {"University": {"type": "uri", "value": "http://dbpedia.org/resource/Chesapeake_College"}, "Total": {"datatype": "http://www.w3.org/2001/XMLSchema#integer", "type": "typed-literal", "value": "0"}}, {"University": {"type": "uri", "value": "http://dbpedia.org/resource/Johns_Hopkins_University_School_of_Arts_and_Sciences"}, "Total": {"datatype": "http://www.w3.org/2001/XMLSchema#integer", "type": "typed-literal", "value": "0"}}, {"University": {"type": "uri", "value": "http://dbpedia.org/resource/Woodstock_College"}, "Total": {"datatype": "http://www.w3.org/2001/XMLSchema#integer", "type": "typed-literal", "value": "0"}}, {"University": {"type": "uri", "value": "http://dbpedia.org/resource/Carroll_Community_College"}, "Total": {"datatype": "http://www.w3.org/2001/XMLSchema#integer", "type": "typed-literal", "value": "0"}}, {"University": {"type": "uri", "value": "http://dbpedia.org/resource/Sellinger_School_of_Business_and_Management"}, "Total": {"datatype": "http://www.w3.org/2001/XMLSchema#integer", "type": "typed-literal", "value": "0"}}, {"University": {"type": "uri", "value": "http://dbpedia.org/resource/Whiting_School_of_Engineering"}, "Total": {"datatype": "http://www.w3.org/2001/XMLSchema#integer", "type": "typed-literal", "value": "0"}}, {"University": {"type": "uri", "value": "http://dbpedia.org/resource/Johns_Hopkins_School_of_Nursing"}, "Total": {"datatype": "http://www.w3.org/2001/XMLSchema#integer", "type": "typed-literal", "value": "0"}}, {"University": {"type": "uri", "value": "http://dbpedia.org/resource/Camp_Airy"}, "Total": {"datatype": "http://www.w3.org/2001/XMLSchema#integer", "type": "typed-literal", "value": "0"}}, {"University": {"type": "uri", "value": "http://dbpedia.org/resource/American_Career_Institute"}, "Total": {"datatype": "http://www.w3.org/2001/XMLSchema#integer", "type": "typed-literal", "value": "0"}}, {"University": {"type": "uri", "value": "http://dbpedia.org/resource/Cecil_College"}, "Total": {"datatype": "http://www.w3.org/2001/XMLSchema#integer", "type": "typed-literal", "value": "0"}}, {"University": {"type": "uri", "value": "http://dbpedia.org/resource/Walter_Reed_Tropical_Medicine_Course"}, "Total": {"datatype": "http://www.w3.org/2001/XMLSchema#integer", "type": "typed-literal", "value": "0"}}, {"University": {"type": "uri", "value": "http://dbpedia.org/resource/Johns_Hopkins_Bloomberg_School_of_Public_Health"}, "Total": {"datatype": "http://www.w3.org/2001/XMLSchema#integer", "type": "typed-literal", "value": "0"}}, {"University": {"type": "uri", "value": "http://dbpedia.org/resource/Johns_Hopkins_School_of_Medicine"}, "Total": {"datatype": "http://www.w3.org/2001/XMLSchema#integer", "type": "typed-literal", "value": "0"}}, {"University": {"type": "uri", "value": "http://dbpedia.org/resource/Camp_Louise"}, "Total": {"datatype": "http://www.w3.org/2001/XMLSchema#integer", "type": "typed-literal", "value": "0"}}, {"University": {"type": "uri", "value": "http://dbpedia.org/resource/Stevenson_University"}, "Total": {"datatype": "http://www.w3.org/2001/XMLSchema#integer", "type": "typed-literal", "value": "0"}}, {"University": {"type": "uri", "value": "http://dbpedia.org/resource/Community_College_of_Baltimore_County"}, "Total": {"datatype": "http://www.w3.org/2001/XMLSchema#integer", "type": "typed-literal", "value": "0"}}, {"University": {"type": "uri", "value": "http://dbpedia.org/resource/Prince_George's_Community_College"}, "Total": {"datatype": "http://www.w3.org/2001/XMLSchema#integer", "type": "typed-literal", "value": "0"}}, {"University": {"type": "uri", "value": "http://dbpedia.org/resource/Wor%E2%80%93Wic_Community_College"}, "Total": {"datatype": "http://www.w3.org/2001/XMLSchema#integer", "type": "typed-literal", "value": "0"}}, {"University": {"type": "uri", "value": "http://dbpedia.org/resource/Chesapeake_Baptist_College"}, "Total": {"datatype": "http://www.w3.org/2001/XMLSchema#integer", "type": "typed-literal", "value": "0"}}, {"University": {"type": "uri", "value": "http://dbpedia.org/resource/TESST_College_of_Technology"}, "Total": {"datatype": "http://www.w3.org/2001/XMLSchema#integer", "type": "typed-literal", "value": "0"}}, {"University": {"type": "uri", "value": "http://dbpedia.org/resource/Frederick_Community_College"}, "Total": {"datatype": "http://www.w3.org/2001/XMLSchema#integer", "type": "typed-literal", "value": "0"}}, {"University": {"type": "uri", "value": "http://dbpedia.org/resource/Notre_Dame_of_Maryland_University"}, "Total": {"datatype": "http://www.w3.org/2001/XMLSchema#integer", "type": "typed-literal", "value": "0"}}, {"University": {"type": "uri", "value": "http://dbpedia.org/resource/St._Mary's_Seminary_and_University"}, "Total": {"datatype": "http://www.w3.org/2001/XMLSchema#integer", "type": "typed-literal", "value": "0"}}, {"University": {"type": "uri", "value": "http://dbpedia.org/resource/Maryland_Institute_for_Technology_in_the_Humanities"}, "Total": {"datatype": "http://www.w3.org/2001/XMLSchema#integer", "type": "typed-literal", "value": "0"}}, {"University": {"type": "uri", "value": "http://dbpedia.org/resource/Investors_United_(School_of_Real_Estate_Investing)"}, "Total": {"datatype": "http://www.w3.org/2001/XMLSchema#integer", "type": "typed-literal", "value": "0"}}], "ordered": true}}