{"head": {"link": [], "vars": ["University", "Undergraduate", "Graduate", "Total"]}, "results": {"distinct": false, "bindings": [{"University": {"type": "uri", "value": "http://dbpedia.org/resource/University_of_Maryland_University_College"}, "Total": {"datatype": "http://www.w3.org/2001/XMLSchema#integer", "type": "typed-literal", "value": "86471"}, "Undergraduate": {"datatype": "http://www.w3.org/2001/XMLSchema#integer", "type": "typed-literal", "value": "68996"}, "Graduate": {"datatype": "http://www.w3.org/2001/XMLSchema#integer", "type": "typed-literal", "value": "17475"}}, {"University": {"type": "uri", "value": "http://dbpedia.org/resource/University_of_Maryland,_College_Park"}, "Total": {"datatype": "http://www.w3.org/2001/XMLSchema#integer", "type": "typed-literal", "value": "37641"}, "Undergraduate": {"datatype": "http://www.w3.org/2001/XMLSchema#integer", "type": "typed-literal", "value": "26922"}, "Graduate": {"datatype": "http://www.w3.org/2001/XMLSchema#integer", "type": "typed-literal", "value": "10719"}}, {"University": {"type": "uri", "value": "http://dbpedia.org/resource/Towson_University"}, "Total": {"datatype": "http://www.w3.org/2001/XMLSchema#integer", "type": "typed-literal", "value": "21840"}, "Undergraduate": {"datatype": "http://www.w3.org/2001/XMLSchema#integer", "type": "typed-literal", "value": "17529"}, "Graduate": {"datatype": "http://www.w3.org/2001/XMLSchema#integer", "type": "typed-literal", "value": "4311"}}, {"University": {"type": "uri", "value": "http://dbpedia.org/resource/University_of_Maryland,_Baltimore_County"}, "Total": {"datatype": "http://www.w3.org/2001/XMLSchema#integer", "type": "typed-literal", "value": "13199"}, "Undergraduate": {"datatype": "http://www.w3.org/2001/XMLSchema#integer", "type": "typed-literal", "value": "10573"}, "Graduate": {"datatype": "http://www.w3.org/2001/XMLSchema#integer", "type": "typed-literal", "value": "2626"}}, {"University": {"type": "uri", "value": "http://dbpedia.org/resource/College_of_Southern_Maryland"}, "Total": {"datatype": "http://www.w3.org/2001/XMLSchema#integer", "type": "typed-literal", "value": "9979"}, "Undergraduate": {"datatype": "http://www.w3.org/2001/XMLSchema#integer", "type": "typed-literal", "value": "9979"}}, {"University": {"type": "uri", "value": "http://dbpedia.org/resource/Salisbury_University"}, "Total": {"datatype": "http://www.w3.org/2001/XMLSchema#integer", "type": "typed-literal", "value": "8606"}, "Undergraduate": {"datatype": "http://www.w3.org/2001/XMLSchema#integer", "type": "typed-literal", "value": "7892"}, "Graduate": {"datatype": "http://www.w3.org/2001/XMLSchema#integer", "type": "typed-literal", "value": "714"}}, {"University": {"type": "uri", "value": "http://dbpedia.org/resource/Morgan_State_University"}, "Total": {"datatype": "http://www.w3.org/2001/XMLSchema#integer", "type": "typed-literal", "value": "7427"}, "Undergraduate": {"datatype": "http://www.w3.org/2001/XMLSchema#integer", "type": "typed-literal", "value": "6400"}, "Graduate": {"datatype": "http://www.w3.org/2001/XMLSchema#integer", "type": "typed-literal", "value": "1027"}}, {"University": {"type": "uri", "value": "http://dbpedia.org/resource/Loyola_University_Maryland"}, "Total": {"datatype": "http://www.w3.org/2001/XMLSchema#integer", "type": "typed-literal", "value": "6531"}, "Undergraduate": {"datatype": "http://www.w3.org/2001/XMLSchema#integer", "type": "typed-literal", "value": "3901"}, "Graduate": {"datatype": "http://www.w3.org/2001/XMLSchema#integer", "type": "typed-literal", "value": "2630"}}, {"University": {"type": "uri", "value": "http://dbpedia.org/resource/Frostburg_State_University"}, "Total": {"datatype": "http://www.w3.org/2001/XMLSchema#integer", "type": "typed-literal", "value": "6133"}, "Undergraduate": {"datatype": "http://www.w3.org/2001/XMLSchema#integer", "type": "typed-literal", "value": "5215"}, "Graduate": {"datatype": "http://www.w3.org/2001/XMLSchema#integer", "type": "typed-literal", "value": "918"}}, {"University": {"type": "uri", "value": "http://dbpedia.org/resource/University_of_Maryland,_Baltimore"}, "Total": {"datatype": "http://www.w3.org/2001/XMLSchema#integer", "type": "typed-literal", "value": "5884"}, "Undergraduate": {"datatype": "http://www.w3.org/2001/XMLSchema#integer", "type": "typed-literal", "value": "810"}, "Graduate": {"datatype": "http://www.w3.org/2001/XMLSchema#integer", "type": "typed-literal", "value": "5074"}}, {"University": {"type": "uri", "value": "http://dbpedia.org/resource/University_of_Baltimore"}, "Total": {"datatype": "http://www.w3.org/2001/XMLSchema#integer", "type": "typed-literal", "value": "5415"}, "Undergraduate": {"datatype": "http://www.w3.org/2001/XMLSchema#integer", "type": "typed-literal", "value": "2412"}, "Graduate": {"datatype": "http://www.w3.org/2001/XMLSchema#integer", "type": "typed-literal", "value": "3003"}}], "ordered": true}}