{"head": {"link": [], "vars": ["State", "University", "MaxUG"]}, "results": {"distinct": false, "bindings": [{"State": {"type": "uri", "value": "http://dbpedia.org/resource/Oregon"}, "MaxUG": {"datatype": "http://www.w3.org/2001/XMLSchema#int", "type": "typed-literal", "value": "23222"}, "University": {"type": "uri", "value": "http://dbpedia.org/resource/Portland_State_University"}}, {"State": {"type": "uri", "value": "http://dbpedia.org/resource/Hawaii"}, "MaxUG": {"datatype": "http://www.w3.org/2001/XMLSchema#int", "type": "typed-literal", "value": "13952"}, "University": {"type": "uri", "value": "http://dbpedia.org/resource/University_of_Hawai%CA%BBi_at_M%C4%81noa"}}, {"State": {"type": "uri", "value": "http://dbpedia.org/resource/Idaho"}, "MaxUG": {"datatype": "http://www.w3.org/2001/XMLSchema#int", "type": "typed-literal", "value": "17368"}, "University": {"type": "uri", "value": "http://dbpedia.org/resource/Boise_State_University"}}, {"State": {"type": "uri", "value": "http://dbpedia.org/resource/West_Virginia"}, "MaxUG": {"datatype": "http://www.w3.org/2001/XMLSchema#int", "type": "typed-literal", "value": "22711"}, "University": {"type": "uri", "value": "http://dbpedia.org/resource/West_Virginia_University"}}, {"State": {"type": "uri", "value": "http://dbpedia.org/resource/Wisconsin"}, "MaxUG": {"datatype": "http://www.w3.org/2001/XMLSchema#int", "type": "typed-literal", "value": "28960"}, "University": {"type": "uri", "value": "http://dbpedia.org/resource/University_of_Wisconsin%E2%80%93Madison"}}, {"State": {"type": "uri", "value": "http://dbpedia.org/resource/Ohio"}, "MaxUG": {"datatype": "http://www.w3.org/2001/XMLSchema#int", "type": "typed-literal", "value": "44307"}, "University": {"type": "uri", "value": "http://dbpedia.org/resource/Ohio_State_University,_Mansfield_Campus"}}, {"State": {"type": "uri", "value": "http://dbpedia.org/resource/Ohio"}, "MaxUG": {"datatype": "http://www.w3.org/2001/XMLSchema#int", "type": "typed-literal", "value": "44307"}, "University": {"type": "uri", "value": "http://dbpedia.org/resource/Ohio_State_University,_Marion_Campus"}}, {"State": {"type": "uri", "value": "http://dbpedia.org/resource/Ohio"}, "MaxUG": {"datatype": "http://www.w3.org/2001/XMLSchema#int", "type": "typed-literal", "value": "44307"}, "University": {"type": "uri", "value": "http://dbpedia.org/resource/Ohio_State_University,_Lima_Campus"}}, {"State": {"type": "uri", "value": "http://dbpedia.org/resource/Ohio"}, "MaxUG": {"datatype": "http://www.w3.org/2001/XMLSchema#int", "type": "typed-literal", "value": "44307"}, "University": {"type": "uri", "value": "http://dbpedia.org/resource/Ohio_State_University,_Newark_Campus"}}, {"State": {"type": "uri", "value": "http://dbpedia.org/resource/Minnesota"}, "MaxUG": {"datatype": "http://www.w3.org/2001/XMLSchema#int", "type": "typed-literal", "value": "30610"}, "University": {"type": "uri", "value": "http://dbpedia.org/resource/University_of_Minnesota"}}, {"State": {"type": "uri", "value": "http://dbpedia.org/resource/Vermont"}, "MaxUG": {"datatype": "http://www.w3.org/2001/XMLSchema#int", "type": "typed-literal", "value": "10459"}, "University": {"type": "uri", "value": "http://dbpedia.org/resource/University_of_Vermont"}}, {"State": {"type": "uri", "value": "http://dbpedia.org/resource/Providence,_Rhode_Island"}, "MaxUG": {"datatype": "http://www.w3.org/2001/XMLSchema#int", "type": "typed-literal", "value": "14546"}, "University": {"type": "uri", "value": "http://dbpedia.org/resource/University_of_Rhode_Island"}}, {"State": {"type": "uri", "value": "http://dbpedia.org/resource/South_Dakota"}, "MaxUG": {"datatype": "http://www.w3.org/2001/XMLSchema#int", "type": "typed-literal", "value": "10993"}, "University": {"type": "uri", "value": "http://dbpedia.org/resource/South_Dakota_State_University"}}, {"State": {"type": "uri", "value": "http://dbpedia.org/resource/Narragansett,_Rhode_Island"}, "MaxUG": {"datatype": "http://www.w3.org/2001/XMLSchema#int", "type": "typed-literal", "value": "14546"}, "University": {"type": "uri", "value": "http://dbpedia.org/resource/University_of_Rhode_Island"}}, {"State": {"type": "uri", "value": "http://dbpedia.org/resource/Utah"}, "MaxUG": {"datatype": "http://www.w3.org/2001/XMLSchema#int", "type": "typed-literal", "value": "33395"}, "University": {"type": "uri", "value": "http://dbpedia.org/resource/Utah_Valley_University"}}, {"State": {"type": "uri", "value": "http://dbpedia.org/resource/Florida"}, "MaxUG": {"datatype": "http://www.w3.org/2001/XMLSchema#int", "type": "typed-literal", "value": "50002"}, "University": {"type": "uri", "value": "http://dbpedia.org/resource/University_of_Central_Florida"}}, {"State": {"type": "uri", "value": "http://dbpedia.org/resource/Michigan"}, "MaxUG": {"datatype": "http://www.w3.org/2001/XMLSchema#int", "type": "typed-literal", "value": "27407"}, "University": {"type": "uri", "value": "http://dbpedia.org/resource/University_of_Michigan"}}, {"State": {"type": "uri", "value": "http://dbpedia.org/resource/Washington_(state)"}, "MaxUG": {"datatype": "http://www.w3.org/2001/XMLSchema#int", "type": "typed-literal", "value": "30790"}, "University": {"type": "uri", "value": "http://dbpedia.org/resource/University_of_Washington"}}, {"State": {"type": "uri", "value": "http://dbpedia.org/resource/Nebraska"}, "MaxUG": {"datatype": "http://www.w3.org/2001/XMLSchema#int", "type": "typed-literal", "value": "19345"}, "University": {"type": "uri", "value": "http://dbpedia.org/resource/University_of_Nebraska%E2%80%93Lincoln"}}, {"State": {"type": "uri", "value": "http://dbpedia.org/resource/Nevada"}, "MaxUG": {"datatype": "http://www.w3.org/2001/XMLSchema#int", "type": "typed-literal", "value": "22708"}, "University": {"type": "uri", "value": "http://dbpedia.org/resource/University_of_Nevada,_Las_Vegas"}}, {"State": {"type": "uri", "value": "http://dbpedia.org/resource/Maine"}, "MaxUG": {"datatype": "http://www.w3.org/2001/XMLSchema#int", "type": "typed-literal", "value": "8759"}, "University": {"type": "uri", "value": "http://dbpedia.org/resource/University_of_Maine"}}, {"State": {"type": "uri", "value": "http://dbpedia.org/resource/Rhode_Island"}, "MaxUG": {"datatype": "http://www.w3.org/2001/XMLSchema#int", "type": "typed-literal", "value": "14546"}, "University": {"type": "uri", "value": "http://dbpedia.org/resource/University_of_Rhode_Island"}}, {"State": {"type": "uri", "value": "http://dbpedia.org/resource/South_Carolina"}, "MaxUG": {"datatype": "http://www.w3.org/2001/XMLSchema#int", "type": "typed-literal", "value": "15459"}, "University": {"type": "uri", "value": "http://dbpedia.org/resource/Clemson_University"}}, {"State": {"type": "uri", "value": "http://dbpedia.org/resource/Kentucky"}, "MaxUG": {"datatype": "http://www.w3.org/2001/XMLSchema#int", "type": "typed-literal", "value": "17982"}, "University": {"type": "uri", "value": "http://dbpedia.org/resource/Western_Kentucky_University"}}, {"State": {"type": "uri", "value": "http://dbpedia.org/resource/Maryland"}, "MaxUG": {"datatype": "http://www.w3.org/2001/XMLSchema#int", "type": "typed-literal", "value": "68996"}, "University": {"type": "uri", "value": "http://dbpedia.org/resource/University_of_Maryland_University_College"}}, {"State": {"type": "uri", "value": "http://dbpedia.org/resource/Colorado"}, "MaxUG": {"datatype": "http://www.w3.org/2001/XMLSchema#int", "type": "typed-literal", "value": "24757"}, "University": {"type": "uri", "value": "http://dbpedia.org/resource/University_of_Colorado_at_Boulder"}}, {"State": {"type": "uri", "value": "http://dbpedia.org/resource/New_York"}, "MaxUG": {"datatype": "http://www.w3.org/2001/XMLSchema#int", "type": "typed-literal", "value": "386818"}, "University": {"type": "uri", "value": "http://dbpedia.org/resource/State_University_of_New_York"}}, {"State": {"type": "uri", "value": "http://dbpedia.org/resource/California"}, "MaxUG": {"datatype": "http://www.w3.org/2001/XMLSchema#int", "type": "typed-literal", "value": "247012011"}, "University": {"type": "uri", "value": "http://dbpedia.org/resource/California_State_University,_Sacramento"}}, {"State": {"type": "uri", "value": "http://dbpedia.org/resource/Tennessee"}, "MaxUG": {"datatype": "http://www.w3.org/2001/XMLSchema#int", "type": "typed-literal", "value": "34539"}, "University": {"type": "uri", "value": "http://dbpedia.org/resource/University_of_Tennessee_system"}}, {"State": {"type": "uri", "value": "http://dbpedia.org/resource/Washington,_D.C."}, "MaxUG": {"datatype": "http://www.w3.org/2001/XMLSchema#int", "type": "typed-literal", "value": "5150"}, "University": {"type": "uri", "value": "http://dbpedia.org/resource/Columbian_College_of_Arts_and_Sciences"}}, {"State": {"type": "uri", "value": "http://dbpedia.org/resource/Georgia_(U.S._state)"}, "MaxUG": {"datatype": "http://www.w3.org/2001/XMLSchema#int", "type": "typed-literal", "value": "24466"}, "University": {"type": "uri", "value": "http://dbpedia.org/resource/American_InterContinental_University"}}, {"State": {"type": "uri", "value": "http://dbpedia.org/resource/Oregon"}, "MaxUG": {"datatype": "http://www.w3.org/2001/XMLSchema#int", "type": "typed-literal", "value": "23222"}, "University": {"type": "uri", "value": "http://dbpedia.org/resource/Portland_State_University"}}, {"State": {"type": "uri", "value": "http://dbpedia.org/resource/Hawaii"}, "MaxUG": {"datatype": "http://www.w3.org/2001/XMLSchema#int", "type": "typed-literal", "value": "13952"}, "University": {"type": "uri", "value": "http://dbpedia.org/resource/University_of_Hawai%CA%BBi_at_M%C4%81noa"}}, {"State": {"type": "uri", "value": "http://dbpedia.org/resource/Arkansas"}, "MaxUG": {"datatype": "http://www.w3.org/2001/XMLSchema#int", "type": "typed-literal", "value": "18863"}, "University": {"type": "uri", "value": "http://dbpedia.org/resource/University_of_Arkansas"}}, {"State": {"type": "uri", "value": "http://dbpedia.org/resource/Idaho"}, "MaxUG": {"datatype": "http://www.w3.org/2001/XMLSchema#int", "type": "typed-literal", "value": "17368"}, "University": {"type": "uri", "value": "http://dbpedia.org/resource/Boise_State_University"}}, {"State": {"type": "uri", "value": "http://dbpedia.org/resource/West_Virginia"}, "MaxUG": {"datatype": "http://www.w3.org/2001/XMLSchema#int", "type": "typed-literal", "value": "22711"}, "University": {"type": "uri", "value": "http://dbpedia.org/resource/West_Virginia_University"}}, {"State": {"type": "uri", "value": "http://dbpedia.org/resource/Massachusetts"}, "MaxUG": {"datatype": "http://www.w3.org/2001/XMLSchema#int", "type": "typed-literal", "value": "21373"}, "University": {"type": "uri", "value": "http://dbpedia.org/resource/University_of_Massachusetts_Amherst"}}, {"State": {"type": "uri", "value": "http://dbpedia.org/resource/Missouri"}, "MaxUG": {"datatype": "http://www.w3.org/2001/XMLSchema#int", "type": "typed-literal", "value": "26024"}, "University": {"type": "uri", "value": "http://dbpedia.org/resource/University_of_Missouri"}}, {"State": {"type": "uri", "value": "http://dbpedia.org/resource/Wisconsin"}, "MaxUG": {"datatype": "http://www.w3.org/2001/XMLSchema#int", "type": "typed-literal", "value": "28960"}, "University": {"type": "uri", "value": "http://dbpedia.org/resource/University_of_Wisconsin%E2%80%93Madison"}}, {"State": {"type": "uri", "value": "http://dbpedia.org/resource/Ohio"}, "MaxUG": {"datatype": "http://www.w3.org/2001/XMLSchema#int", "type": "typed-literal", "value": "44307"}, "University": {"type": "uri", "value": "http://dbpedia.org/resource/Ohio_State_University,_Mansfield_Campus"}}, {"State": {"type": "uri", "value": "http://dbpedia.org/resource/Ohio"}, "MaxUG": {"datatype": "http://www.w3.org/2001/XMLSchema#int", "type": "typed-literal", "value": "44307"}, "University": {"type": "uri", "value": "http://dbpedia.org/resource/Ohio_State_University,_Marion_Campus"}}, {"State": {"type": "uri", "value": "http://dbpedia.org/resource/Ohio"}, "MaxUG": {"datatype": "http://www.w3.org/2001/XMLSchema#int", "type": "typed-literal", "value": "44307"}, "University": {"type": "uri", "value": "http://dbpedia.org/resource/Ohio_State_University,_Lima_Campus"}}, {"State": {"type": "uri", "value": "http://dbpedia.org/resource/Ohio"}, "MaxUG": {"datatype": "http://www.w3.org/2001/XMLSchema#int", "type": "typed-literal", "value": "44307"}, "University": {"type": "uri", "value": "http://dbpedia.org/resource/Ohio_State_University,_Newark_Campus"}}, {"State": {"type": "uri", "value": "http://dbpedia.org/resource/Minnesota"}, "MaxUG": {"datatype": "http://www.w3.org/2001/XMLSchema#int", "type": "typed-literal", "value": "30610"}, "University": {"type": "uri", "value": "http://dbpedia.org/resource/University_of_Minnesota"}}, {"State": {"type": "uri", "value": "http://dbpedia.org/resource/Vermont"}, "MaxUG": {"datatype": "http://www.w3.org/2001/XMLSchema#int", "type": "typed-literal", "value": "10459"}, "University": {"type": "uri", "value": "http://dbpedia.org/resource/University_of_Vermont"}}, {"State": {"type": "uri", "value": "http://dbpedia.org/resource/Providence,_Rhode_Island"}, "MaxUG": {"datatype": "http://www.w3.org/2001/XMLSchema#int", "type": "typed-literal", "value": "14546"}, "University": {"type": "uri", "value": "http://dbpedia.org/resource/University_of_Rhode_Island"}}, {"State": {"type": "uri", "value": "http://dbpedia.org/resource/Kansas"}, "MaxUG": {"datatype": "http://www.w3.org/2001/XMLSchema#int", "type": "typed-literal", "value": "20330"}, "University": {"type": "uri", "value": "http://dbpedia.org/resource/University_of_Kansas"}}, {"State": {"type": "uri", "value": "http://dbpedia.org/resource/Louisiana"}, "MaxUG": {"datatype": "http://www.w3.org/2001/XMLSchema#int", "type": "typed-literal", "value": "23980"}, "University": {"type": "uri", "value": "http://dbpedia.org/resource/Louisiana_State_University"}}, {"State": {"type": "uri", "value": "http://dbpedia.org/resource/South_Dakota"}, "MaxUG": {"datatype": "http://www.w3.org/2001/XMLSchema#int", "type": "typed-literal", "value": "10993"}, "University": {"type": "uri", "value": "http://dbpedia.org/resource/South_Dakota_State_University"}}, {"State": {"type": "uri", "value": "http://dbpedia.org/resource/Texas"}, "MaxUG": {"datatype": "http://www.w3.org/2001/XMLSchema#int", "type": "typed-literal", "value": "38463"}, "University": {"type": "uri", "value": "http://dbpedia.org/resource/University_of_Texas_at_Austin"}}, {"State": {"type": "uri", "value": "http://dbpedia.org/resource/New_Hampshire"}, "MaxUG": {"datatype": "http://www.w3.org/2001/XMLSchema#int", "type": "typed-literal", "value": "12218"}, "University": {"type": "uri", "value": "http://dbpedia.org/resource/University_of_New_Hampshire"}}, {"State": {"type": "uri", "value": "http://dbpedia.org/resource/Arizona"}, "MaxUG": {"datatype": "http://www.w3.org/2001/XMLSchema#int", "type": "typed-literal", "value": "319399"}, "University": {"type": "uri", "value": "http://dbpedia.org/resource/University_of_Phoenix"}}, {"State": {"type": "uri", "value": "http://dbpedia.org/resource/Narragansett,_Rhode_Island"}, "MaxUG": {"datatype": "http://www.w3.org/2001/XMLSchema#int", "type": "typed-literal", "value": "14546"}, "University": {"type": "uri", "value": "http://dbpedia.org/resource/University_of_Rhode_Island"}}, {"State": {"type": "uri", "value": "http://dbpedia.org/resource/Alabama"}, "MaxUG": {"datatype": "http://www.w3.org/2001/XMLSchema#int", "type": "typed-literal", "value": "26234"}, "University": {"type": "uri", "value": "http://dbpedia.org/resource/University_of_Alabama"}}, {"State": {"type": "uri", "value": "http://dbpedia.org/resource/Utah"}, "MaxUG": {"datatype": "http://www.w3.org/2001/XMLSchema#int", "type": "typed-literal", "value": "33395"}, "University": {"type": "uri", "value": "http://dbpedia.org/resource/Utah_Valley_University"}}, {"State": {"type": "uri", "value": "http://dbpedia.org/resource/Florida"}, "MaxUG": {"datatype": "http://www.w3.org/2001/XMLSchema#int", "type": "typed-literal", "value": "50002"}, "University": {"type": "uri", "value": "http://dbpedia.org/resource/University_of_Central_Florida"}}, {"State": {"type": "uri", "value": "http://dbpedia.org/resource/Michigan"}, "MaxUG": {"datatype": "http://www.w3.org/2001/XMLSchema#int", "type": "typed-literal", "value": "27407"}, "University": {"type": "uri", "value": "http://dbpedia.org/resource/University_of_Michigan"}}, {"State": {"type": "uri", "value": "http://dbpedia.org/resource/Washington,_D.C."}, "MaxUG": {"datatype": "http://www.w3.org/2001/XMLSchema#int", "type": "typed-literal", "value": "5150"}, "University": {"type": "uri", "value": "http://dbpedia.org/resource/Columbian_College_of_Arts_and_Sciences"}}, {"State": {"type": "uri", "value": "http://dbpedia.org/resource/Indiana"}, "MaxUG": {"datatype": "http://www.w3.org/2001/XMLSchema#int", "type": "typed-literal", "value": "30970"}, "University": {"type": "uri", "value": "http://dbpedia.org/resource/Indiana_University_Bloomington"}}, {"State": {"type": "uri", "value": "http://dbpedia.org/resource/Washington_(state)"}, "MaxUG": {"datatype": "http://www.w3.org/2001/XMLSchema#int", "type": "typed-literal", "value": "30790"}, "University": {"type": "uri", "value": "http://dbpedia.org/resource/University_of_Washington"}}, {"State": {"type": "uri", "value": "http://dbpedia.org/resource/Nebraska"}, "MaxUG": {"datatype": "http://www.w3.org/2001/XMLSchema#int", "type": "typed-literal", "value": "19345"}, "University": {"type": "uri", "value": "http://dbpedia.org/resource/University_of_Nebraska%E2%80%93Lincoln"}}, {"State": {"type": "uri", "value": "http://dbpedia.org/resource/Nevada"}, "MaxUG": {"datatype": "http://www.w3.org/2001/XMLSchema#int", "type": "typed-literal", "value": "22708"}, "University": {"type": "uri", "value": "http://dbpedia.org/resource/University_of_Nevada,_Las_Vegas"}}, {"State": {"type": "uri", "value": "http://dbpedia.org/resource/Maine"}, "MaxUG": {"datatype": "http://www.w3.org/2001/XMLSchema#int", "type": "typed-literal", "value": "8759"}, "University": {"type": "uri", "value": "http://dbpedia.org/resource/University_of_Maine"}}, {"State": {"type": "uri", "value": "http://dbpedia.org/resource/Iowa"}, "MaxUG": {"datatype": "http://www.w3.org/2001/XMLSchema#int", "type": "typed-literal", "value": "24343"}, "University": {"type": "uri", "value": "http://dbpedia.org/resource/Iowa_State_University"}}, {"State": {"type": "uri", "value": "http://dbpedia.org/resource/Mississippi"}, "MaxUG": {"datatype": "http://www.w3.org/2001/XMLSchema#int", "type": "typed-literal", "value": "3148"}, "University": {"type": "uri", "value": "http://dbpedia.org/resource/Mississippi_College"}}, {"State": {"type": "uri", "value": "http://dbpedia.org/resource/Illinois"}, "MaxUG": {"datatype": "http://www.w3.org/2001/XMLSchema#int", "type": "typed-literal", "value": "31932"}, "University": {"type": "uri", "value": "http://dbpedia.org/resource/University_of_Illinois_at_Urbana%E2%80%93Champaign"}}, {"State": {"type": "uri", "value": "http://dbpedia.org/resource/Montana"}, "MaxUG": {"datatype": "http://www.w3.org/2001/XMLSchema#int", "type": "typed-literal", "value": "12421"}, "University": {"type": "uri", "value": "http://dbpedia.org/resource/University_of_Montana"}}, {"State": {"type": "uri", "value": "http://dbpedia.org/resource/Montana"}, "MaxUG": {"datatype": "http://www.w3.org/2001/XMLSchema#int", "type": "typed-literal", "value": "12421"}, "University": {"type": "uri", "value": "http://dbpedia.org/resource/Campus_of_the_University_of_Montana"}}, {"State": {"type": "uri", "value": "http://dbpedia.org/resource/Montana"}, "MaxUG": {"datatype": "http://www.w3.org/2001/XMLSchema#int", "type": "typed-literal", "value": "12421"}, "University": {"type": "uri", "value": "http://dbpedia.org/resource/Presidents_of_the_University_of_Montana"}}, {"State": {"type": "uri", "value": "http://dbpedia.org/resource/Rhode_Island"}, "MaxUG": {"datatype": "http://www.w3.org/2001/XMLSchema#int", "type": "typed-literal", "value": "14546"}, "University": {"type": "uri", "value": "http://dbpedia.org/resource/University_of_Rhode_Island"}}, {"State": {"type": "uri", "value": "http://dbpedia.org/resource/North_Carolina"}, "MaxUG": {"datatype": "http://www.w3.org/2001/XMLSchema#int", "type": "typed-literal", "value": "809091"}, "University": {"type": "uri", "value": "http://dbpedia.org/resource/North_Carolina_Community_College_System"}}, {"State": {"type": "uri", "value": "http://dbpedia.org/resource/Pennsylvania"}, "MaxUG": {"datatype": "http://www.w3.org/2001/XMLSchema#int", "type": "typed-literal", "value": "77179"}, "University": {"type": "uri", "value": "http://dbpedia.org/resource/Pennsylvania_State_University"}}, {"State": {"type": "uri", "value": "http://dbpedia.org/resource/South_Carolina"}, "MaxUG": {"datatype": "http://www.w3.org/2001/XMLSchema#int", "type": "typed-literal", "value": "15459"}, "University": {"type": "uri", "value": "http://dbpedia.org/resource/Clemson_University"}}, {"State": {"type": "uri", "value": "http://dbpedia.org/resource/Oklahoma"}, "MaxUG": {"datatype": "http://www.w3.org/2001/XMLSchema#int", "type": "typed-literal", "value": "20892"}, "University": {"type": "uri", "value": "http://dbpedia.org/resource/University_of_Oklahoma"}}, {"State": {"type": "uri", "value": "http://dbpedia.org/resource/Kentucky"}, "MaxUG": {"datatype": "http://www.w3.org/2001/XMLSchema#int", "type": "typed-literal", "value": "17982"}, "University": {"type": "uri", "value": "http://dbpedia.org/resource/Western_Kentucky_University"}}, {"State": {"type": "uri", "value": "http://dbpedia.org/resource/Georgia_(U.S._state)"}, "MaxUG": {"datatype": "http://www.w3.org/2001/XMLSchema#int", "type": "typed-literal", "value": "24466"}, "University": {"type": "uri", "value": "http://dbpedia.org/resource/American_InterContinental_University"}}, {"State": {"type": "uri", "value": "http://dbpedia.org/resource/Connecticut"}, "MaxUG": {"datatype": "http://www.w3.org/2001/XMLSchema#int", "type": "typed-literal", "value": "29602"}, "University": {"type": "uri", "value": "http://dbpedia.org/resource/Connecticut_State_University_System"}}, {"State": {"type": "uri", "value": "http://dbpedia.org/resource/Maryland"}, "MaxUG": {"datatype": "http://www.w3.org/2001/XMLSchema#int", "type": "typed-literal", "value": "68996"}, "University": {"type": "uri", "value": "http://dbpedia.org/resource/University_of_Maryland_University_College"}}, {"State": {"type": "uri", "value": "http://dbpedia.org/resource/Colorado"}, "MaxUG": {"datatype": "http://www.w3.org/2001/XMLSchema#int", "type": "typed-literal", "value": "24757"}, "University": {"type": "uri", "value": "http://dbpedia.org/resource/University_of_Colorado_at_Boulder"}}, {"State": {"type": "uri", "value": "http://dbpedia.org/resource/New_York"}, "MaxUG": {"datatype": "http://www.w3.org/2001/XMLSchema#int", "type": "typed-literal", "value": "386818"}, "University": {"type": "uri", "value": "http://dbpedia.org/resource/State_University_of_New_York"}}, {"State": {"type": "uri", "value": "http://dbpedia.org/resource/New_Mexico"}, "MaxUG": {"datatype": "http://www.w3.org/2001/XMLSchema#int", "type": "typed-literal", "value": "14698"}, "University": {"type": "uri", "value": "http://dbpedia.org/resource/New_Mexico_State_University"}}, {"State": {"type": "uri", "value": "http://dbpedia.org/resource/New_Jersey"}, "MaxUG": {"datatype": "http://www.w3.org/2001/XMLSchema#int", "type": "typed-literal", "value": "42327"}, "University": {"type": "uri", "value": "http://dbpedia.org/resource/Rutgers_University"}}, {"State": {"type": "uri", "value": "http://dbpedia.org/resource/Delaware"}, "MaxUG": {"datatype": "http://www.w3.org/2001/XMLSchema#int", "type": "typed-literal", "value": "15757"}, "University": {"type": "uri", "value": "http://dbpedia.org/resource/University_of_Delaware"}}, {"State": {"type": "uri", "value": "http://dbpedia.org/resource/California"}, "MaxUG": {"datatype": "http://www.w3.org/2001/XMLSchema#int", "type": "typed-literal", "value": "247012011"}, "University": {"type": "uri", "value": "http://dbpedia.org/resource/California_State_University,_Sacramento"}}, {"State": {"type": "uri", "value": "http://dbpedia.org/resource/Tennessee"}, "MaxUG": {"datatype": "http://www.w3.org/2001/XMLSchema#int", "type": "typed-literal", "value": "34539"}, "University": {"type": "uri", "value": "http://dbpedia.org/resource/University_of_Tennessee_system"}}], "ordered": true}}