{"head": {"link": [], "vars": ["University"]}, "results": {"distinct": false, "bindings": [{"University": {"type": "uri", "value": "http://dbpedia.org/resource/University_of_Illinois_at_Chicago_College_of_Dentistry"}}, {"University": {"type": "uri", "value": "http://dbpedia.org/resource/University_of_Wyoming_College_of_Law"}}, {"University": {"type": "uri", "value": "http://dbpedia.org/resource/The_Brody_School_of_Medicine_at_East_Carolina_University"}}, {"University": {"type": "uri", "value": "http://dbpedia.org/resource/University_of_Tennessee_Space_Institute"}}, {"University": {"type": "uri", "value": "http://dbpedia.org/resource/Georgia_Institute_of_Technology_School_of_Physics"}}, {"University": {"type": "uri", "value": "http://dbpedia.org/resource/OU_School_of_Community_Medicine"}}, {"University": {"type": "uri", "value": "http://dbpedia.org/resource/University_of_Central_Florida_College_of_Optics_and_Photonics"}}, {"University": {"type": "uri", "value": "http://dbpedia.org/resource/Georgia_Institute_of_Technology_School_of_Interactive_Computing"}}, {"University": {"type": "uri", "value": "http://dbpedia.org/resource/University_of_Central_Florida_College_of_Graduate_Studies"}}, {"University": {"type": "uri", "value": "http://dbpedia.org/resource/Louisiana_Tech_University_College_of_Engineering_and_Science"}}, {"University": {"type": "uri", "value": "http://dbpedia.org/resource/Skaggs_School_of_Pharmacy"}}, {"University": {"type": "uri", "value": "http://dbpedia.org/resource/OGI_School_of_Science_and_Engineering"}}, {"University": {"type": "uri", "value": "http://dbpedia.org/resource/Kirkhof_College_of_Nursing"}}, {"University": {"type": "uri", "value": "http://dbpedia.org/resource/University_of_Pittsburgh_Graduate_School_of_Public_and_International_Affairs"}}, {"University": {"type": "uri", "value": "http://dbpedia.org/resource/Rady_School_of_Management"}}, {"University": {"type": "uri", "value": "http://dbpedia.org/resource/University_of_Pittsburgh_Graduate_School_of_Public_Health"}}, {"University": {"type": "uri", "value": "http://dbpedia.org/resource/UCLA_School_of_Public_Health"}}, {"University": {"type": "uri", "value": "http://dbpedia.org/resource/Stony_Brook_University_School_of_Medicine"}}, {"University": {"type": "uri", "value": "http://dbpedia.org/resource/University_of_Texas_at_Austin_College_of_Fine_Arts"}}, {"University": {"type": "uri", "value": "http://dbpedia.org/resource/University_of_Connecticut_School_of_Law"}}, {"University": {"type": "uri", "value": "http://dbpedia.org/resource/William_&_Mary_School_of_Law"}}, {"University": {"type": "uri", "value": "http://dbpedia.org/resource/University_of_Wisconsin%E2%80%93Milwaukee_School_of_Education"}}, {"University": {"type": "uri", "value": "http://dbpedia.org/resource/University_of_Oklahoma_College_of_Medicine"}}, {"University": {"type": "uri", "value": "http://dbpedia.org/resource/Joseph_M._Katz_Graduate_School_of_Business"}}, {"University": {"type": "uri", "value": "http://dbpedia.org/resource/University_of_Florida_College_of_Medicine"}}, {"University": {"type": "uri", "value": "http://dbpedia.org/resource/Western_Carolina_University"}}, {"University": {"type": "uri", "value": "http://dbpedia.org/resource/University_of_Arkansas_for_Medical_Sciences"}}, {"University": {"type": "uri", "value": "http://dbpedia.org/resource/Clemson_University_Graduate_School"}}, {"University": {"type": "uri", "value": "http://dbpedia.org/resource/University_of_Texas_Southwestern_Medical_Center"}}, {"University": {"type": "uri", "value": "http://dbpedia.org/resource/Oregon_Health_&_Science_University"}}, {"University": {"type": "uri", "value": "http://dbpedia.org/resource/University_of_Missouri_Graduate_School"}}, {"University": {"type": "uri", "value": "http://dbpedia.org/resource/Franciscan_School_of_Theology"}}, {"University": {"type": "uri", "value": "http://dbpedia.org/resource/Wittenberg_University"}}, {"University": {"type": "uri", "value": "http://dbpedia.org/resource/University_of_Pennsylvania_School_of_Dental_Medicine"}}, {"University": {"type": "uri", "value": "http://dbpedia.org/resource/College_of_Osteopathic_Medicine_of_the_Pacific,_Northwest"}}, {"University": {"type": "uri", "value": "http://dbpedia.org/resource/Bryan_College"}}, {"University": {"type": "uri", "value": "http://dbpedia.org/resource/Vanderbilt_University_Divinity_School"}}, {"University": {"type": "uri", "value": "http://dbpedia.org/resource/Pacific_School_of_Religion"}}, {"University": {"type": "uri", "value": "http://dbpedia.org/resource/Yale_School_of_Medicine"}}, {"University": {"type": "uri", "value": "http://dbpedia.org/resource/Owen_Graduate_School_of_Management"}}, {"University": {"type": "uri", "value": "http://dbpedia.org/resource/Columbia_College_(Missouri)"}}, {"University": {"type": "uri", "value": "http://dbpedia.org/resource/Vanderbilt_University_School_of_Nursing"}}, {"University": {"type": "uri", "value": "http://dbpedia.org/resource/Rensselaer_at_Hartford"}}, {"University": {"type": "uri", "value": "http://dbpedia.org/resource/Monterey_Institute_of_International_Studies"}}, {"University": {"type": "uri", "value": "http://dbpedia.org/resource/Robert_F._Wagner_Graduate_School_of_Public_Service"}}, {"University": {"type": "uri", "value": "http://dbpedia.org/resource/Columbia_University_School_of_Social_Work"}}, {"University": {"type": "uri", "value": "http://dbpedia.org/resource/St._John's_University_School_of_Law"}}, {"University": {"type": "uri", "value": "http://dbpedia.org/resource/Kellogg_School_of_Management"}}, {"University": {"type": "uri", "value": "http://dbpedia.org/resource/Fordham_University_School_of_Law"}}, {"University": {"type": "uri", "value": "http://dbpedia.org/resource/Graziadio_School_of_Business_and_Management"}}, {"University": {"type": "uri", "value": "http://dbpedia.org/resource/Vanderbilt_University_Graduate_School"}}, {"University": {"type": "uri", "value": "http://dbpedia.org/resource/Cornell_University_Graduate_School"}}, {"University": {"type": "uri", "value": "http://dbpedia.org/resource/University_of_Wisconsin%E2%80%93Washington_County"}}, {"University": {"type": "uri", "value": "http://dbpedia.org/resource/Chattahoochee_Technical_College"}}, {"University": {"type": "uri", "value": "http://dbpedia.org/resource/Angelo_State_University_Management_Instruction_and_Research_Center"}}, {"University": {"type": "uri", "value": "http://dbpedia.org/resource/Institute_for_the_Psychological_Sciences"}}, {"University": {"type": "uri", "value": "http://dbpedia.org/resource/Seattle_Institute_of_Oriental_Medicine"}}, {"University": {"type": "uri", "value": "http://dbpedia.org/resource/Wind_Science_and_Engineering_Research_Center"}}, {"University": {"type": "uri", "value": "http://dbpedia.org/resource/The_Commonwealth_Medical_College"}}, {"University": {"type": "uri", "value": "http://dbpedia.org/resource/Florida_Interactive_Entertainment_Academy"}}, {"University": {"type": "uri", "value": "http://dbpedia.org/resource/Meadville_Lombard_Theological_School"}}, {"University": {"type": "uri", "value": "http://dbpedia.org/resource/University_of_Kentucky_College_of_Pharmacy"}}, {"University": {"type": "uri", "value": "http://dbpedia.org/resource/The_New_School_for_Drama"}}, {"University": {"type": "uri", "value": "http://dbpedia.org/resource/Baylor_College_of_Medicine"}}, {"University": {"type": "uri", "value": "http://dbpedia.org/resource/Lutheran_Theological_Southern_Seminary"}}, {"University": {"type": "uri", "value": "http://dbpedia.org/resource/Trinity_Lutheran_Seminary"}}, {"University": {"type": "uri", "value": "http://dbpedia.org/resource/Pacific_Lutheran_Theological_Seminary"}}, {"University": {"type": "uri", "value": "http://dbpedia.org/resource/William_E._Simon_Graduate_School_of_Business_Administration"}}, {"University": {"type": "uri", "value": "http://dbpedia.org/resource/Rosenstiel_School_of_Marine_and_Atmospheric_Science"}}, {"University": {"type": "uri", "value": "http://dbpedia.org/resource/Atlantic_University"}}, {"University": {"type": "uri", "value": "http://dbpedia.org/resource/Oregon_College_of_Oriental_Medicine"}}, {"University": {"type": "uri", "value": "http://dbpedia.org/resource/University_of_California,_Riverside_Graduate_School_of_Education"}}, {"University": {"type": "uri", "value": "http://dbpedia.org/resource/George_Fox_Evangelical_Seminary"}}, {"University": {"type": "uri", "value": "http://dbpedia.org/resource/Erikson_Institute"}}, {"University": {"type": "uri", "value": "http://dbpedia.org/resource/Presidio_Graduate_School"}}, {"University": {"type": "uri", "value": "http://dbpedia.org/resource/Rocky_Mountain_University_of_Health_Professions"}}, {"University": {"type": "uri", "value": "http://dbpedia.org/resource/Nazarene_Theological_Seminary"}}, {"University": {"type": "uri", "value": "http://dbpedia.org/resource/Cornell_University_College_of_Veterinary_Medicine"}}, {"University": {"type": "uri", "value": "http://dbpedia.org/resource/Lutheran_School_of_Theology_at_Chicago"}}, {"University": {"type": "uri", "value": "http://dbpedia.org/resource/Pritzker_School_of_Medicine"}}, {"University": {"type": "uri", "value": "http://dbpedia.org/resource/City_University_of_New_York_School_of_Law"}}, {"University": {"type": "uri", "value": "http://dbpedia.org/resource/Lutheran_Theological_Seminary_at_Philadelphia"}}, {"University": {"type": "uri", "value": "http://dbpedia.org/resource/Graduate_School_of_Social_Work_at_the_University_of_Denver"}}, {"University": {"type": "uri", "value": "http://dbpedia.org/resource/Bainbridge_Graduate_Institute"}}, {"University": {"type": "uri", "value": "http://dbpedia.org/resource/The_Fletcher_School_of_Law_and_Diplomacy"}}, {"University": {"type": "uri", "value": "http://dbpedia.org/resource/George_Warren_Brown_School_of_Social_Work"}}, {"University": {"type": "uri", "value": "http://dbpedia.org/resource/Mississippi_College_School_of_Law"}}, {"University": {"type": "uri", "value": "http://dbpedia.org/resource/Fuqua_School_of_Business"}}, {"University": {"type": "uri", "value": "http://dbpedia.org/resource/Uniformed_Services_University_of_the_Health_Sciences"}}, {"University": {"type": "uri", "value": "http://dbpedia.org/resource/Stanford_Graduate_School_of_Business"}}, {"University": {"type": "uri", "value": "http://dbpedia.org/resource/Maxwell_School_of_Citizenship_and_Public_Affairs"}}, {"University": {"type": "uri", "value": "http://dbpedia.org/resource/Penn_State_Milton_S._Hershey_Medical_Center__Penn_State_College_of_Medicine__1"}}, {"University": {"type": "uri", "value": "http://dbpedia.org/resource/Benjamin_N._Cardozo_School_of_Law"}}, {"University": {"type": "uri", "value": "http://dbpedia.org/resource/Penn_State_Great_Valley_School_of_Graduate_Professional_Studies"}}, {"University": {"type": "uri", "value": "http://dbpedia.org/resource/Columbia_Business_School"}}, {"University": {"type": "uri", "value": "http://dbpedia.org/resource/Booth_School_of_Business"}}, {"University": {"type": "uri", "value": "http://dbpedia.org/resource/Texas_Tech_University_Graduate_School"}}], "ordered": true}}