{"head": {"link": [], "vars": ["AlmaMater", "NumberOfPresidents"]}, "results": {"distinct": false, "bindings": [{"AlmaMater": {"type": "uri", "value": "http://dbpedia.org/resource/Harvard_University"}, "NumberOfPresidents": {"datatype": "http://www.w3.org/2001/XMLSchema#integer", "type": "typed-literal", "value": "28"}}, {"AlmaMater": {"type": "uri", "value": "http://dbpedia.org/resource/Stanford_University"}, "NumberOfPresidents": {"datatype": "http://www.w3.org/2001/XMLSchema#integer", "type": "typed-literal", "value": "22"}}, {"AlmaMater": {"type": "uri", "value": "http://dbpedia.org/resource/George_Washington_University"}, "NumberOfPresidents": {"datatype": "http://www.w3.org/2001/XMLSchema#integer", "type": "typed-literal", "value": "18"}}, {"AlmaMater": {"type": "uri", "value": "http://dbpedia.org/resource/Florida_State_University"}, "NumberOfPresidents": {"datatype": "http://www.w3.org/2001/XMLSchema#integer", "type": "typed-literal", "value": "15"}}, {"AlmaMater": {"type": "uri", "value": "http://dbpedia.org/resource/Yale_University"}, "NumberOfPresidents": {"datatype": "http://www.w3.org/2001/XMLSchema#integer", "type": "typed-literal", "value": "14"}}, {"AlmaMater": {"type": "uri", "value": "http://dbpedia.org/resource/California_Institute_of_Technology"}, "NumberOfPresidents": {"datatype": "http://www.w3.org/2001/XMLSchema#integer", "type": "typed-literal", "value": "14"}}, {"AlmaMater": {"type": "uri", "value": "http://dbpedia.org/resource/Grinnell_College"}, "NumberOfPresidents": {"datatype": "http://www.w3.org/2001/XMLSchema#integer", "type": "typed-literal", "value": "14"}}, {"AlmaMater": {"type": "uri", "value": "http://dbpedia.org/resource/Princeton_University"}, "NumberOfPresidents": {"datatype": "http://www.w3.org/2001/XMLSchema#integer", "type": "typed-literal", "value": "12"}}, {"AlmaMater": {"type": "uri", "value": "http://dbpedia.org/resource/University_of_Florida"}, "NumberOfPresidents": {"datatype": "http://www.w3.org/2001/XMLSchema#integer", "type": "typed-literal", "value": "12"}}, {"AlmaMater": {"type": "uri", "value": "http://dbpedia.org/resource/University_of_Iowa"}, "NumberOfPresidents": {"datatype": "http://www.w3.org/2001/XMLSchema#integer", "type": "typed-literal", "value": "12"}}, {"AlmaMater": {"type": "uri", "value": "http://dbpedia.org/resource/Saint_Louis_University"}, "NumberOfPresidents": {"datatype": "http://www.w3.org/2001/XMLSchema#integer", "type": "typed-literal", "value": "12"}}, {"AlmaMater": {"type": "uri", "value": "http://dbpedia.org/resource/University_of_Michigan"}, "NumberOfPresidents": {"datatype": "http://www.w3.org/2001/XMLSchema#integer", "type": "typed-literal", "value": "10"}}, {"AlmaMater": {"type": "uri", "value": "http://dbpedia.org/resource/Ohio_State_University"}, "NumberOfPresidents": {"datatype": "http://www.w3.org/2001/XMLSchema#integer", "type": "typed-literal", "value": "10"}}, {"AlmaMater": {"type": "uri", "value": "http://dbpedia.org/resource/University_of_Pennsylvania"}, "NumberOfPresidents": {"datatype": "http://www.w3.org/2001/XMLSchema#integer", "type": "typed-literal", "value": "10"}}, {"AlmaMater": {"type": "uri", "value": "http://dbpedia.org/resource/Southeastern_Louisiana_University"}, "NumberOfPresidents": {"datatype": "http://www.w3.org/2001/XMLSchema#integer", "type": "typed-literal", "value": "8"}}, {"AlmaMater": {"type": "uri", "value": "http://dbpedia.org/resource/Dartmouth_College"}, "NumberOfPresidents": {"datatype": "http://www.w3.org/2001/XMLSchema#integer", "type": "typed-literal", "value": "8"}}, {"AlmaMater": {"type": "uri", "value": "http://dbpedia.org/resource/University_of_Wisconsin%E2%80%93Madison"}, "NumberOfPresidents": {"datatype": "http://www.w3.org/2001/XMLSchema#integer", "type": "typed-literal", "value": "8"}}, {"AlmaMater": {"type": "uri", "value": "http://dbpedia.org/resource/University_of_Minnesota"}, "NumberOfPresidents": {"datatype": "http://www.w3.org/2001/XMLSchema#integer", "type": "typed-literal", "value": "8"}}, {"AlmaMater": {"type": "uri", "value": "http://dbpedia.org/resource/Clemson_University"}, "NumberOfPresidents": {"datatype": "http://www.w3.org/2001/XMLSchema#integer", "type": "typed-literal", "value": "8"}}, {"AlmaMater": {"type": "uri", "value": "http://dbpedia.org/resource/Georgia_Health_Sciences_University"}, "NumberOfPresidents": {"datatype": "http://www.w3.org/2001/XMLSchema#integer", "type": "typed-literal", "value": "8"}}, {"AlmaMater": {"type": "uri", "value": "http://dbpedia.org/resource/Indiana_University"}, "NumberOfPresidents": {"datatype": "http://www.w3.org/2001/XMLSchema#integer", "type": "typed-literal", "value": "8"}}, {"AlmaMater": {"type": "uri", "value": "http://dbpedia.org/resource/Edward_Waters_College"}, "NumberOfPresidents": {"datatype": "http://www.w3.org/2001/XMLSchema#integer", "type": "typed-literal", "value": "8"}}, {"AlmaMater": {"type": "uri", "value": "http://dbpedia.org/resource/University_of_Connecticut"}, "NumberOfPresidents": {"datatype": "http://www.w3.org/2001/XMLSchema#integer", "type": "typed-literal", "value": "8"}}, {"AlmaMater": {"type": "uri", "value": "http://dbpedia.org/resource/Anderson_University_(Indiana)"}, "NumberOfPresidents": {"datatype": "http://www.w3.org/2001/XMLSchema#integer", "type": "typed-literal", "value": "8"}}, {"AlmaMater": {"type": "uri", "value": "http://dbpedia.org/resource/Emory_University"}, "NumberOfPresidents": {"datatype": "http://www.w3.org/2001/XMLSchema#integer", "type": "typed-literal", "value": "8"}}, {"AlmaMater": {"type": "uri", "value": "http://dbpedia.org/resource/University_of_Texas_at_Austin"}, "NumberOfPresidents": {"datatype": "http://www.w3.org/2001/XMLSchema#integer", "type": "typed-literal", "value": "7"}}, {"AlmaMater": {"type": "uri", "value": "http://dbpedia.org/resource/Massachusetts_Institute_of_Technology"}, "NumberOfPresidents": {"datatype": "http://www.w3.org/2001/XMLSchema#integer", "type": "typed-literal", "value": "6"}}, {"AlmaMater": {"type": "uri", "value": "http://dbpedia.org/resource/University_of_California,_Berkeley"}, "NumberOfPresidents": {"datatype": "http://www.w3.org/2001/XMLSchema#integer", "type": "typed-literal", "value": "6"}}, {"AlmaMater": {"type": "uri", "value": "http://dbpedia.org/resource/Florida_Atlantic_University"}, "NumberOfPresidents": {"datatype": "http://www.w3.org/2001/XMLSchema#integer", "type": "typed-literal", "value": "6"}}, {"AlmaMater": {"type": "uri", "value": "http://dbpedia.org/resource/University_of_Toronto"}, "NumberOfPresidents": {"datatype": "http://www.w3.org/2001/XMLSchema#integer", "type": "typed-literal", "value": "6"}}, {"AlmaMater": {"type": "uri", "value": "http://dbpedia.org/resource/University_of_Rochester"}, "NumberOfPresidents": {"datatype": "http://www.w3.org/2001/XMLSchema#integer", "type": "typed-literal", "value": "6"}}, {"AlmaMater": {"type": "uri", "value": "http://dbpedia.org/resource/New_York_University"}, "NumberOfPresidents": {"datatype": "http://www.w3.org/2001/XMLSchema#integer", "type": "typed-literal", "value": "6"}}, {"AlmaMater": {"type": "uri", "value": "http://dbpedia.org/resource/Brown_University"}, "NumberOfPresidents": {"datatype": "http://www.w3.org/2001/XMLSchema#integer", "type": "typed-literal", "value": "6"}}, {"AlmaMater": {"type": "uri", "value": "http://dbpedia.org/resource/Jesuit_School_of_Theology_of_Santa_Clara_University"}, "NumberOfPresidents": {"datatype": "http://www.w3.org/2001/XMLSchema#integer", "type": "typed-literal", "value": "6"}}, {"AlmaMater": {"type": "uri", "value": "http://dbpedia.org/resource/Texas_Tech_University"}, "NumberOfPresidents": {"datatype": "http://www.w3.org/2001/XMLSchema#integer", "type": "typed-literal", "value": "5"}}, {"AlmaMater": {"type": "uri", "value": "http://dbpedia.org/resource/University_of_Cincinnati"}, "NumberOfPresidents": {"datatype": "http://www.w3.org/2001/XMLSchema#integer", "type": "typed-literal", "value": "5"}}, {"AlmaMater": {"type": "uri", "value": "http://dbpedia.org/resource/University_of_North_Carolina_at_Chapel_Hill"}, "NumberOfPresidents": {"datatype": "http://www.w3.org/2001/XMLSchema#integer", "type": "typed-literal", "value": "5"}}, {"AlmaMater": {"type": "uri", "value": "http://dbpedia.org/resource/Northeastern_University"}, "NumberOfPresidents": {"datatype": "http://www.w3.org/2001/XMLSchema#integer", "type": "typed-literal", "value": "5"}}, {"AlmaMater": {"type": "uri", "value": "http://dbpedia.org/resource/University_of_Mississippi"}, "NumberOfPresidents": {"datatype": "http://www.w3.org/2001/XMLSchema#integer", "type": "typed-literal", "value": "4"}}, {"AlmaMater": {"type": "uri", "value": "http://dbpedia.org/resource/Loma_Linda_University"}, "NumberOfPresidents": {"datatype": "http://www.w3.org/2001/XMLSchema#integer", "type": "typed-literal", "value": "4"}}, {"AlmaMater": {"type": "uri", "value": "http://dbpedia.org/resource/Cleveland_State_University"}, "NumberOfPresidents": {"datatype": "http://www.w3.org/2001/XMLSchema#integer", "type": "typed-literal", "value": "4"}}, {"AlmaMater": {"type": "uri", "value": "http://dbpedia.org/resource/University_of_Alberta"}, "NumberOfPresidents": {"datatype": "http://www.w3.org/2001/XMLSchema#integer", "type": "typed-literal", "value": "4"}}, {"AlmaMater": {"type": "uri", "value": "http://dbpedia.org/resource/Louisiana_Tech_University"}, "NumberOfPresidents": {"datatype": "http://www.w3.org/2001/XMLSchema#integer", "type": "typed-literal", "value": "4"}}, {"AlmaMater": {"type": "uri", "value": "http://dbpedia.org/resource/State_University_of_New_York"}, "NumberOfPresidents": {"datatype": "http://www.w3.org/2001/XMLSchema#integer", "type": "typed-literal", "value": "4"}}, {"AlmaMater": {"type": "uri", "value": "http://dbpedia.org/resource/Virginia_Polytechnic_Institute_and_State_University"}, "NumberOfPresidents": {"datatype": "http://www.w3.org/2001/XMLSchema#integer", "type": "typed-literal", "value": "4"}}, {"AlmaMater": {"type": "uri", "value": "http://dbpedia.org/resource/Banaras_Hindu_University"}, "NumberOfPresidents": {"datatype": "http://www.w3.org/2001/XMLSchema#integer", "type": "typed-literal", "value": "4"}}, {"AlmaMater": {"type": "uri", "value": "http://dbpedia.org/resource/Georgia_Institute_of_Technology"}, "NumberOfPresidents": {"datatype": "http://www.w3.org/2001/XMLSchema#integer", "type": "typed-literal", "value": "4"}}, {"AlmaMater": {"type": "uri", "value": "http://dbpedia.org/resource/Washington_State_University"}, "NumberOfPresidents": {"datatype": "http://www.w3.org/2001/XMLSchema#integer", "type": "typed-literal", "value": "4"}}, {"AlmaMater": {"type": "uri", "value": "http://dbpedia.org/resource/University_of_South_Florida"}, "NumberOfPresidents": {"datatype": "http://www.w3.org/2001/XMLSchema#integer", "type": "typed-literal", "value": "4"}}, {"AlmaMater": {"type": "uri", "value": "http://dbpedia.org/resource/Queens_College,_City_University_of_New_York"}, "NumberOfPresidents": {"datatype": "http://www.w3.org/2001/XMLSchema#integer", "type": "typed-literal", "value": "4"}}, {"AlmaMater": {"type": "uri", "value": "http://dbpedia.org/resource/Florida_A&M_University"}, "NumberOfPresidents": {"datatype": "http://www.w3.org/2001/XMLSchema#integer", "type": "typed-literal", "value": "4"}}, {"AlmaMater": {"type": "uri", "value": "http://dbpedia.org/resource/Howard_University"}, "NumberOfPresidents": {"datatype": "http://www.w3.org/2001/XMLSchema#integer", "type": "typed-literal", "value": "4"}}, {"AlmaMater": {"type": "uri", "value": "http://dbpedia.org/resource/Washington_University_in_St._Louis"}, "NumberOfPresidents": {"datatype": "http://www.w3.org/2001/XMLSchema#integer", "type": "typed-literal", "value": "4"}}, {"AlmaMater": {"type": "uri", "value": "http://dbpedia.org/resource/Washington_and_Lee_University"}, "NumberOfPresidents": {"datatype": "http://www.w3.org/2001/XMLSchema#integer", "type": "typed-literal", "value": "4"}}, {"AlmaMater": {"type": "uri", "value": "http://dbpedia.org/resource/University_of_San_Francisco"}, "NumberOfPresidents": {"datatype": "http://www.w3.org/2001/XMLSchema#integer", "type": "typed-literal", "value": "4"}}, {"AlmaMater": {"type": "uri", "value": "http://dbpedia.org/resource/University_of_Denver"}, "NumberOfPresidents": {"datatype": "http://www.w3.org/2001/XMLSchema#integer", "type": "typed-literal", "value": "4"}}, {"AlmaMater": {"type": "uri", "value": "http://dbpedia.org/resource/University_of_Illinois_at_Urbana%E2%80%93Champaign"}, "NumberOfPresidents": {"datatype": "http://www.w3.org/2001/XMLSchema#integer", "type": "typed-literal", "value": "4"}}, {"AlmaMater": {"type": "uri", "value": "http://dbpedia.org/resource/Augusta_State_University"}, "NumberOfPresidents": {"datatype": "http://www.w3.org/2001/XMLSchema#integer", "type": "typed-literal", "value": "4"}}, {"AlmaMater": {"type": "uri", "value": "http://dbpedia.org/resource/University_of_Maryland,_College_Park"}, "NumberOfPresidents": {"datatype": "http://www.w3.org/2001/XMLSchema#integer", "type": "typed-literal", "value": "4"}}, {"AlmaMater": {"type": "uri", "value": "http://dbpedia.org/resource/Miami_University"}, "NumberOfPresidents": {"datatype": "http://www.w3.org/2001/XMLSchema#integer", "type": "typed-literal", "value": "4"}}, {"AlmaMater": {"type": "uri", "value": "http://dbpedia.org/resource/University_of_North_Florida"}, "NumberOfPresidents": {"datatype": "http://www.w3.org/2001/XMLSchema#integer", "type": "typed-literal", "value": "4"}}, {"AlmaMater": {"type": "uri", "value": "http://dbpedia.org/resource/Saint_Joseph's_University"}, "NumberOfPresidents": {"datatype": "http://www.w3.org/2001/XMLSchema#integer", "type": "typed-literal", "value": "4"}}, {"AlmaMater": {"type": "uri", "value": "http://dbpedia.org/resource/Duquesne_University"}, "NumberOfPresidents": {"datatype": "http://www.w3.org/2001/XMLSchema#integer", "type": "typed-literal", "value": "4"}}, {"AlmaMater": {"type": "uri", "value": "http://dbpedia.org/resource/Boston_University"}, "NumberOfPresidents": {"datatype": "http://www.w3.org/2001/XMLSchema#integer", "type": "typed-literal", "value": "4"}}, {"AlmaMater": {"type": "uri", "value": "http://dbpedia.org/resource/University_of_Notre_Dame"}, "NumberOfPresidents": {"datatype": "http://www.w3.org/2001/XMLSchema#integer", "type": "typed-literal", "value": "4"}}, {"AlmaMater": {"type": "uri", "value": "http://dbpedia.org/resource/Lee_University"}, "NumberOfPresidents": {"datatype": "http://www.w3.org/2001/XMLSchema#integer", "type": "typed-literal", "value": "4"}}, {"AlmaMater": {"type": "uri", "value": "http://dbpedia.org/resource/Dillard_University"}, "NumberOfPresidents": {"datatype": "http://www.w3.org/2001/XMLSchema#integer", "type": "typed-literal", "value": "4"}}, {"AlmaMater": {"type": "uri", "value": "http://dbpedia.org/resource/Tulane_University"}, "NumberOfPresidents": {"datatype": "http://www.w3.org/2001/XMLSchema#integer", "type": "typed-literal", "value": "4"}}, {"AlmaMater": {"type": "uri", "value": "http://dbpedia.org/resource/College_of_Mount_St._Joseph"}, "NumberOfPresidents": {"datatype": "http://www.w3.org/2001/XMLSchema#integer", "type": "typed-literal", "value": "4"}}, {"AlmaMater": {"type": "uri", "value": "http://dbpedia.org/resource/Morehouse_College"}, "NumberOfPresidents": {"datatype": "http://www.w3.org/2001/XMLSchema#integer", "type": "typed-literal", "value": "4"}}, {"AlmaMater": {"type": "uri", "value": "http://dbpedia.org/resource/Duke_University"}, "NumberOfPresidents": {"datatype": "http://www.w3.org/2001/XMLSchema#integer", "type": "typed-literal", "value": "4"}}, {"AlmaMater": {"type": "uri", "value": "http://dbpedia.org/resource/Sarah_Lawrence_College"}, "NumberOfPresidents": {"datatype": "http://www.w3.org/2001/XMLSchema#integer", "type": "typed-literal", "value": "3"}}, {"AlmaMater": {"type": "uri", "value": "http://dbpedia.org/resource/Michigan_State_University"}, "NumberOfPresidents": {"datatype": "http://www.w3.org/2001/XMLSchema#integer", "type": "typed-literal", "value": "3"}}, {"AlmaMater": {"type": "uri", "value": "http://dbpedia.org/resource/University_of_Massachusetts_Amherst"}, "NumberOfPresidents": {"datatype": "http://www.w3.org/2001/XMLSchema#integer", "type": "typed-literal", "value": "3"}}, {"AlmaMater": {"type": "uri", "value": "http://dbpedia.org/resource/Northwestern_University"}, "NumberOfPresidents": {"datatype": "http://www.w3.org/2001/XMLSchema#integer", "type": "typed-literal", "value": "2"}}, {"AlmaMater": {"type": "uri", "value": "http://dbpedia.org/resource/Oakwood_University"}, "NumberOfPresidents": {"datatype": "http://www.w3.org/2001/XMLSchema#integer", "type": "typed-literal", "value": "2"}}, {"AlmaMater": {"type": "uri", "value": "http://dbpedia.org/resource/Notre_Dame_College"}, "NumberOfPresidents": {"datatype": "http://www.w3.org/2001/XMLSchema#integer", "type": "typed-literal", "value": "2"}}, {"AlmaMater": {"type": "uri", "value": "http://dbpedia.org/resource/Gettysburg_College"}, "NumberOfPresidents": {"datatype": "http://www.w3.org/2001/XMLSchema#integer", "type": "typed-literal", "value": "2"}}, {"AlmaMater": {"type": "uri", "value": "http://dbpedia.org/resource/Stetson_University"}, "NumberOfPresidents": {"datatype": "http://www.w3.org/2001/XMLSchema#integer", "type": "typed-literal", "value": "2"}}, {"AlmaMater": {"type": "uri", "value": "http://dbpedia.org/resource/La_Salle_University"}, "NumberOfPresidents": {"datatype": "http://www.w3.org/2001/XMLSchema#integer", "type": "typed-literal", "value": "2"}}, {"AlmaMater": {"type": "uri", "value": "http://dbpedia.org/resource/The_Catholic_University_of_America"}, "NumberOfPresidents": {"datatype": "http://www.w3.org/2001/XMLSchema#integer", "type": "typed-literal", "value": "2"}}, {"AlmaMater": {"type": "uri", "value": "http://dbpedia.org/resource/California_State_University,_Fresno"}, "NumberOfPresidents": {"datatype": "http://www.w3.org/2001/XMLSchema#integer", "type": "typed-literal", "value": "2"}}, {"AlmaMater": {"type": "uri", "value": "http://dbpedia.org/resource/Edmund_A._Walsh_School_of_Foreign_Service"}, "NumberOfPresidents": {"datatype": "http://www.w3.org/2001/XMLSchema#integer", "type": "typed-literal", "value": "2"}}, {"AlmaMater": {"type": "uri", "value": "http://dbpedia.org/resource/University_of_Oklahoma"}, "NumberOfPresidents": {"datatype": "http://www.w3.org/2001/XMLSchema#integer", "type": "typed-literal", "value": "2"}}, {"AlmaMater": {"type": "uri", "value": "http://dbpedia.org/resource/Abilene_Christian_University"}, "NumberOfPresidents": {"datatype": "http://www.w3.org/2001/XMLSchema#integer", "type": "typed-literal", "value": "2"}}, {"AlmaMater": {"type": "uri", "value": "http://dbpedia.org/resource/University_of_Virginia_School_of_Law"}, "NumberOfPresidents": {"datatype": "http://www.w3.org/2001/XMLSchema#integer", "type": "typed-literal", "value": "2"}}, {"AlmaMater": {"type": "uri", "value": "http://dbpedia.org/resource/University_of_Chicago"}, "NumberOfPresidents": {"datatype": "http://www.w3.org/2001/XMLSchema#integer", "type": "typed-literal", "value": "2"}}, {"AlmaMater": {"type": "uri", "value": "http://dbpedia.org/resource/Hampden%E2%80%93Sydney_College"}, "NumberOfPresidents": {"datatype": "http://www.w3.org/2001/XMLSchema#integer", "type": "typed-literal", "value": "2"}}, {"AlmaMater": {"type": "uri", "value": "http://dbpedia.org/resource/Brigham_Young_University"}, "NumberOfPresidents": {"datatype": "http://www.w3.org/2001/XMLSchema#integer", "type": "typed-literal", "value": "2"}}, {"AlmaMater": {"type": "uri", "value": "http://dbpedia.org/resource/University_of_Miami"}, "NumberOfPresidents": {"datatype": "http://www.w3.org/2001/XMLSchema#integer", "type": "typed-literal", "value": "2"}}, {"AlmaMater": {"type": "uri", "value": "http://dbpedia.org/resource/University_of_New_Hampshire"}, "NumberOfPresidents": {"datatype": "http://www.w3.org/2001/XMLSchema#integer", "type": "typed-literal", "value": "2"}}, {"AlmaMater": {"type": "uri", "value": "http://dbpedia.org/resource/Brooklyn_College"}, "NumberOfPresidents": {"datatype": "http://www.w3.org/2001/XMLSchema#integer", "type": "typed-literal", "value": "2"}}, {"AlmaMater": {"type": "uri", "value": "http://dbpedia.org/resource/Dickinson_College"}, "NumberOfPresidents": {"datatype": "http://www.w3.org/2001/XMLSchema#integer", "type": "typed-literal", "value": "2"}}, {"AlmaMater": {"type": "uri", "value": "http://dbpedia.org/resource/Nova_Southeastern_University"}, "NumberOfPresidents": {"datatype": "http://www.w3.org/2001/XMLSchema#integer", "type": "typed-literal", "value": "2"}}, {"AlmaMater": {"type": "uri", "value": "http://dbpedia.org/resource/Hampton_University"}, "NumberOfPresidents": {"datatype": "http://www.w3.org/2001/XMLSchema#integer", "type": "typed-literal", "value": "2"}}, {"AlmaMater": {"type": "uri", "value": "http://dbpedia.org/resource/Graduate_Theological_Union"}, "NumberOfPresidents": {"datatype": "http://www.w3.org/2001/XMLSchema#integer", "type": "typed-literal", "value": "2"}}, {"AlmaMater": {"type": "uri", "value": "http://dbpedia.org/resource/Radcliffe_College"}, "NumberOfPresidents": {"datatype": "http://www.w3.org/2001/XMLSchema#integer", "type": "typed-literal", "value": "2"}}, {"AlmaMater": {"type": "uri", "value": "http://dbpedia.org/resource/Muskingum_University"}, "NumberOfPresidents": {"datatype": "http://www.w3.org/2001/XMLSchema#integer", "type": "typed-literal", "value": "2"}}, {"AlmaMater": {"type": "uri", "value": "http://dbpedia.org/resource/Stony_Brook_University"}, "NumberOfPresidents": {"datatype": "http://www.w3.org/2001/XMLSchema#integer", "type": "typed-literal", "value": "2"}}, {"AlmaMater": {"type": "uri", "value": "http://dbpedia.org/resource/University_of_Oxford"}, "NumberOfPresidents": {"datatype": "http://www.w3.org/2001/XMLSchema#integer", "type": "typed-literal", "value": "2"}}, {"AlmaMater": {"type": "uri", "value": "http://dbpedia.org/resource/University_of_Delaware"}, "NumberOfPresidents": {"datatype": "http://www.w3.org/2001/XMLSchema#integer", "type": "typed-literal", "value": "2"}}, {"AlmaMater": {"type": "uri", "value": "http://dbpedia.org/resource/FBI_National_Academy"}, "NumberOfPresidents": {"datatype": "http://www.w3.org/2001/XMLSchema#integer", "type": "typed-literal", "value": "2"}}, {"AlmaMater": {"type": "uri", "value": "http://dbpedia.org/resource/Wesleyan_University"}, "NumberOfPresidents": {"datatype": "http://www.w3.org/2001/XMLSchema#integer", "type": "typed-literal", "value": "2"}}, {"AlmaMater": {"type": "uri", "value": "http://dbpedia.org/resource/The_College_of_William_&_Mary"}, "NumberOfPresidents": {"datatype": "http://www.w3.org/2001/XMLSchema#integer", "type": "typed-literal", "value": "2"}}, {"AlmaMater": {"type": "uri", "value": "http://dbpedia.org/resource/Mount_Allison_University"}, "NumberOfPresidents": {"datatype": "http://www.w3.org/2001/XMLSchema#integer", "type": "typed-literal", "value": "2"}}, {"AlmaMater": {"type": "uri", "value": "http://dbpedia.org/resource/University_of_Utah"}, "NumberOfPresidents": {"datatype": "http://www.w3.org/2001/XMLSchema#integer", "type": "typed-literal", "value": "2"}}, {"AlmaMater": {"type": "uri", "value": "http://dbpedia.org/resource/Florida_International_University"}, "NumberOfPresidents": {"datatype": "http://www.w3.org/2001/XMLSchema#integer", "type": "typed-literal", "value": "2"}}, {"AlmaMater": {"type": "uri", "value": "http://dbpedia.org/resource/University_of_Akron"}, "NumberOfPresidents": {"datatype": "http://www.w3.org/2001/XMLSchema#integer", "type": "typed-literal", "value": "2"}}, {"AlmaMater": {"type": "uri", "value": "http://dbpedia.org/resource/University_of_Tennessee"}, "NumberOfPresidents": {"datatype": "http://www.w3.org/2001/XMLSchema#integer", "type": "typed-literal", "value": "2"}}, {"AlmaMater": {"type": "uri", "value": "http://dbpedia.org/resource/Middlebury_College"}, "NumberOfPresidents": {"datatype": "http://www.w3.org/2001/XMLSchema#integer", "type": "typed-literal", "value": "2"}}, {"AlmaMater": {"type": "uri", "value": "http://dbpedia.org/resource/Brandeis_University"}, "NumberOfPresidents": {"datatype": "http://www.w3.org/2001/XMLSchema#integer", "type": "typed-literal", "value": "2"}}, {"AlmaMater": {"type": "uri", "value": "http://dbpedia.org/resource/John_Carroll_University"}, "NumberOfPresidents": {"datatype": "http://www.w3.org/2001/XMLSchema#integer", "type": "typed-literal", "value": "2"}}, {"AlmaMater": {"type": "uri", "value": "http://dbpedia.org/resource/Stanford_Law_School"}, "NumberOfPresidents": {"datatype": "http://www.w3.org/2001/XMLSchema#integer", "type": "typed-literal", "value": "1"}}, {"AlmaMater": {"type": "uri", "value": "http://dbpedia.org/resource/United_States_Coast_Guard_Academy"}, "NumberOfPresidents": {"datatype": "http://www.w3.org/2001/XMLSchema#integer", "type": "typed-literal", "value": "1"}}, {"AlmaMater": {"type": "uri", "value": "http://dbpedia.org/resource/California_State_University,_East_Bay"}, "NumberOfPresidents": {"datatype": "http://www.w3.org/2001/XMLSchema#integer", "type": "typed-literal", "value": "1"}}, {"AlmaMater": {"type": "uri", "value": "http://dbpedia.org/resource/Diablo_Valley_College"}, "NumberOfPresidents": {"datatype": "http://www.w3.org/2001/XMLSchema#integer", "type": "typed-literal", "value": "1"}}, {"AlmaMater": {"type": "uri", "value": "http://dbpedia.org/resource/University_of_Texas_at_Dallas"}, "NumberOfPresidents": {"datatype": "http://www.w3.org/2001/XMLSchema#integer", "type": "typed-literal", "value": "1"}}, {"AlmaMater": {"type": "uri", "value": "http://dbpedia.org/resource/Claremont_Graduate_University"}, "NumberOfPresidents": {"datatype": "http://www.w3.org/2001/XMLSchema#integer", "type": "typed-literal", "value": "1"}}, {"AlmaMater": {"type": "uri", "value": "http://dbpedia.org/resource/Rutgers_School_of_Law%E2%80%93Newark"}, "NumberOfPresidents": {"datatype": "http://www.w3.org/2001/XMLSchema#integer", "type": "typed-literal", "value": "1"}}, {"AlmaMater": {"type": "uri", "value": "http://dbpedia.org/resource/Duke_University_School_of_Law"}, "NumberOfPresidents": {"datatype": "http://www.w3.org/2001/XMLSchema#integer", "type": "typed-literal", "value": "1"}}, {"AlmaMater": {"type": "uri", "value": "http://dbpedia.org/resource/Drew_University"}, "NumberOfPresidents": {"datatype": "http://www.w3.org/2001/XMLSchema#integer", "type": "typed-literal", "value": "1"}}, {"AlmaMater": {"type": "uri", "value": "http://dbpedia.org/resource/Auburn_University"}, "NumberOfPresidents": {"datatype": "http://www.w3.org/2001/XMLSchema#integer", "type": "typed-literal", "value": "1"}}, {"AlmaMater": {"type": "uri", "value": "http://dbpedia.org/resource/Xavier_University_of_Louisiana"}, "NumberOfPresidents": {"datatype": "http://www.w3.org/2001/XMLSchema#integer", "type": "typed-literal", "value": "1"}}, {"AlmaMater": {"type": "uri", "value": "http://dbpedia.org/resource/Fisk_University"}, "NumberOfPresidents": {"datatype": "http://www.w3.org/2001/XMLSchema#integer", "type": "typed-literal", "value": "1"}}, {"AlmaMater": {"type": "uri", "value": "http://dbpedia.org/resource/Mercer_University"}, "NumberOfPresidents": {"datatype": "http://www.w3.org/2001/XMLSchema#integer", "type": "typed-literal", "value": "1"}}, {"AlmaMater": {"type": "uri", "value": "http://dbpedia.org/resource/Iowa_State_University"}, "NumberOfPresidents": {"datatype": "http://www.w3.org/2001/XMLSchema#integer", "type": "typed-literal", "value": "1"}}, {"AlmaMater": {"type": "uri", "value": "http://dbpedia.org/resource/Cornell_University"}, "NumberOfPresidents": {"datatype": "http://www.w3.org/2001/XMLSchema#integer", "type": "typed-literal", "value": "1"}}, {"AlmaMater": {"type": "uri", "value": "http://dbpedia.org/resource/Union_Theological_Seminary_(New_York)"}, "NumberOfPresidents": {"datatype": "http://www.w3.org/2001/XMLSchema#integer", "type": "typed-literal", "value": "1"}}, {"AlmaMater": {"type": "uri", "value": "http://dbpedia.org/resource/Clark_Atlanta_University"}, "NumberOfPresidents": {"datatype": "http://www.w3.org/2001/XMLSchema#integer", "type": "typed-literal", "value": "1"}}, {"AlmaMater": {"type": "uri", "value": "http://dbpedia.org/resource/Lawrence_University"}, "NumberOfPresidents": {"datatype": "http://www.w3.org/2001/XMLSchema#integer", "type": "typed-literal", "value": "1"}}, {"AlmaMater": {"type": "uri", "value": "http://dbpedia.org/resource/Union_University"}, "NumberOfPresidents": {"datatype": "http://www.w3.org/2001/XMLSchema#integer", "type": "typed-literal", "value": "1"}}, {"AlmaMater": {"type": "uri", "value": "http://dbpedia.org/resource/Lipscomb_University"}, "NumberOfPresidents": {"datatype": "http://www.w3.org/2001/XMLSchema#integer", "type": "typed-literal", "value": "1"}}], "ordered": true}}