{"head": {"link": [], "vars": ["Person"]}, "results": {"distinct": false, "bindings": [{"Person": {"type": "uri", "value": "http://dbpedia.org/resource/Alonzo_Church"}}, {"Person": {"type": "uri", "value": "http://dbpedia.org/resource/Robin_Gandy"}}, {"Person": {"type": "uri", "value": "http://dbpedia.org/resource/Hilary_Putnam"}}, {"Person": {"type": "uri", "value": "http://dbpedia.org/resource/Ned_Block"}}, {"Person": {"type": "uri", "value": "http://dbpedia.org/resource/Noam_Chomsky"}}, {"Person": {"type": "uri", "value": "http://dbpedia.org/resource/Stevan_Harnad"}}, {"Person": {"type": "uri", "value": "http://dbpedia.org/resource/Anthony_Beavers"}}, {"Person": {"type": "uri", "value": "http://dbpedia.org/resource/Jack_Copeland"}}], "ordered": true}}