{"head": {"link": [], "vars": ["Person"]}, "results": {"distinct": false, "bindings": [{"Person": {"type": "uri", "value": "http://dbpedia.org/resource/Oswald_Veblen"}}, {"Person": {"type": "uri", "value": "http://dbpedia.org/resource/Dana_Scott"}}, {"Person": {"type": "uri", "value": "http://dbpedia.org/resource/Martin_Davis"}}, {"Person": {"type": "uri", "value": "http://dbpedia.org/resource/Stephen_Cole_Kleene"}}, {"Person": {"type": "uri", "value": "http://dbpedia.org/resource/J._Barkley_Rosser"}}, {"Person": {"type": "uri", "value": "http://dbpedia.org/resource/Michael_O._Rabin"}}, {"Person": {"type": "uri", "value": "http://dbpedia.org/resource/William_Boone_(mathematician)"}}, {"Person": {"type": "uri", "value": "http://dbpedia.org/resource/Nathan_Salmon"}}, {"Person": {"type": "uri", "value": "http://dbpedia.org/resource/Martin_Hyland"}}, {"Person": {"type": "uri", "value": "http://dbpedia.org/resource/Michael_Fourman"}}, {"Person": {"type": "uri", "value": "http://dbpedia.org/resource/Tamar_Gendler"}}, {"Person": {"type": "uri", "value": "http://dbpedia.org/resource/Nelson_Goodman"}}, {"Person": {"type": "uri", "value": "http://dbpedia.org/resource/William_James"}}, {"Person": {"type": "uri", "value": "http://dbpedia.org/resource/Jerry_Fodor"}}, {"Person": {"type": "uri", "value": "http://dbpedia.org/resource/Immanuel_Kant"}}, {"Person": {"type": "uri", "value": "http://dbpedia.org/resource/Hilary_Putnam"}}, {"Person": {"type": "uri", "value": "http://dbpedia.org/resource/David_Pesetsky"}}, {"Person": {"type": "uri", "value": "http://dbpedia.org/resource/Mark_Baker_(linguist)"}}, {"Person": {"type": "uri", "value": "http://dbpedia.org/resource/Howard_Lasnik"}}, {"Person": {"type": "uri", "value": "http://dbpedia.org/resource/Ray_Jackendoff"}}, {"Person": {"type": "uri", "value": "http://dbpedia.org/resource/John_R._Ross"}}, {"Person": {"type": "uri", "value": "http://dbpedia.org/resource/Alec_Marantz"}}, {"Person": {"type": "uri", "value": "http://dbpedia.org/resource/Janet_Dean_Fodor"}}, {"Person": {"type": "uri", "value": "http://dbpedia.org/resource/Norman_Finkelstein"}}, {"Person": {"type": "uri", "value": "http://dbpedia.org/resource/Edward_Said"}}, {"Person": {"type": "uri", "value": "http://dbpedia.org/resource/James_D._McCawley"}}, {"Person": {"type": "uri", "value": "http://dbpedia.org/resource/Ray_C._Dougherty"}}, {"Person": {"type": "uri", "value": "http://dbpedia.org/resource/Christopher_Hitchens"}}, {"Person": {"type": "uri", "value": "http://dbpedia.org/resource/Steven_Pinker"}}, {"Person": {"type": "uri", "value": "http://dbpedia.org/resource/John_Grinder"}}, {"Person": {"type": "uri", "value": "http://dbpedia.org/resource/Stevan_Harnad"}}, {"Person": {"type": "uri", "value": "http://dbpedia.org/resource/Stephen_Neale"}}, {"Person": {"type": "uri", "value": "http://dbpedia.org/resource/Peter_Ludlow"}}, {"Person": {"type": "uri", "value": "http://dbpedia.org/resource/Augusto_Ponzio"}}, {"Person": {"type": "uri", "value": "http://dbpedia.org/resource/David_Hume"}}, {"Person": {"type": "uri", "value": "http://dbpedia.org/resource/Ludwig_Wittgenstein"}}, {"Person": {"type": "uri", "value": "http://dbpedia.org/resource/George_Orwell"}}, {"Person": {"type": "uri", "value": "http://dbpedia.org/resource/Ferdinand_de_Saussure"}}, {"Person": {"type": "uri", "value": "http://dbpedia.org/resource/Mikhail_Bakunin"}}, {"Person": {"type": "uri", "value": "http://dbpedia.org/resource/Daniel_Dennett"}}, {"Person": {"type": "uri", "value": "http://dbpedia.org/resource/Colin_McGinn"}}, {"Person": {"type": "uri", "value": "http://dbpedia.org/resource/Dada_Maheshvarananda"}}, {"Person": {"type": "uri", "value": "http://dbpedia.org/resource/Karl_Marx"}}, {"Person": {"type": "uri", "value": "http://dbpedia.org/resource/Ren%C3%A9_Descartes"}}, {"Person": {"type": "uri", "value": "http://dbpedia.org/resource/Raymond_Smullyan"}}, {"Person": {"type": "uri", "value": "http://dbpedia.org/resource/S%C3%B8ren_Kierkegaard"}}, {"Person": {"type": "uri", "value": "http://dbpedia.org/resource/John_Dewey"}}, {"Person": {"type": "uri", "value": "http://dbpedia.org/resource/Sigmund_Freud"}}, {"Person": {"type": "uri", "value": "http://dbpedia.org/resource/Willard_Van_Orman_Quine"}}, {"Person": {"type": "uri", "value": "http://dbpedia.org/resource/Hans_Reichenbach"}}, {"Person": {"type": "uri", "value": "http://dbpedia.org/resource/Ned_Block"}}, {"Person": {"type": "uri", "value": "http://dbpedia.org/resource/David_Lewis_(philosopher)"}}, {"Person": {"type": "uri", "value": "http://dbpedia.org/resource/Donald_Davidson_(philosopher)"}}, {"Person": {"type": "uri", "value": "http://dbpedia.org/resource/Bertrand_Russell"}}, {"Person": {"type": "uri", "value": "http://dbpedia.org/resource/Rudolf_Rocker"}}, {"Person": {"type": "uri", "value": "http://dbpedia.org/resource/Morris_Halle"}}, {"Person": {"type": "uri", "value": "http://dbpedia.org/resource/Michael_Albert"}}, {"Person": {"type": "uri", "value": "http://dbpedia.org/resource/Hugo_Ch%C3%A1vez"}}, {"Person": {"type": "uri", "value": "http://dbpedia.org/resource/Robert_Fisk"}}, {"Person": {"type": "uri", "value": "http://dbpedia.org/resource/Charles_Darwin"}}, {"Person": {"type": "uri", "value": "http://dbpedia.org/resource/Donald_O._Hebb"}}, {"Person": {"type": "uri", "value": "http://dbpedia.org/resource/Noam_Chomsky"}}, {"Person": {"type": "uri", "value": "http://dbpedia.org/resource/Martin_Heidegger"}}, {"Person": {"type": "uri", "value": "http://dbpedia.org/resource/Emmanuel_Levinas"}}, {"Person": {"type": "uri", "value": "http://dbpedia.org/resource/Edmund_Husserl"}}, {"Person": {"type": "uri", "value": "http://dbpedia.org/resource/Luciano_Floridi"}}, {"Person": {"type": "uri", "value": "http://dbpedia.org/resource/Alonzo_Church"}}, {"Person": {"type": "uri", "value": "http://dbpedia.org/resource/Robin_Gandy"}}, {"Person": {"type": "uri", "value": "http://dbpedia.org/resource/Anthony_Beavers"}}, {"Person": {"type": "uri", "value": "http://dbpedia.org/resource/Jack_Copeland"}}], "ordered": true}}