{"head": {"link": [], "vars": ["Person1", "Person2"]}, "results": {"distinct": false, "bindings": [{"Person2": {"type": "uri", "value": "http://dbpedia.org/resource/United_States_Senate_career_of_Barack_Obama"}, "Person1": {"type": "uri", "value": "http://dbpedia.org/resource/Roland_Burris"}}, {"Person2": {"type": "uri", "value": "http://dbpedia.org/resource/United_States_Senate_career_of_Barack_Obama"}, "Person1": {"type": "uri", "value": "http://dbpedia.org/resource/Peter_Fitzgerald_(politician)"}}, {"Person2": {"type": "uri", "value": "http://dbpedia.org/resource/United_States_Senate_career_of_Barack_Obama"}, "Person1": {"type": "uri", "value": "http://dbpedia.org/resource/Dick_Durbin"}}, {"Person2": {"type": "uri", "value": "http://dbpedia.org/resource/Roland_Burris"}, "Person1": {"type": "uri", "value": "http://dbpedia.org/resource/Dick_Durbin"}}, {"Person2": {"type": "uri", "value": "http://dbpedia.org/resource/Peter_Fitzgerald_(politician)"}, "Person1": {"type": "uri", "value": "http://dbpedia.org/resource/Jack_Ryan_(politician)"}}, {"Person2": {"type": "uri", "value": "http://dbpedia.org/resource/Peter_Fitzgerald_(politician)"}, "Person1": {"type": "uri", "value": "http://dbpedia.org/resource/Dick_Durbin"}}, {"Person2": {"type": "uri", "value": "http://dbpedia.org/resource/Dick_Durbin"}, "Person1": {"type": "uri", "value": "http://dbpedia.org/resource/Roland_Burris"}}, {"Person2": {"type": "uri", "value": "http://dbpedia.org/resource/Dick_Durbin"}, "Person1": {"type": "uri", "value": "http://dbpedia.org/resource/Peter_Fitzgerald_(politician)"}}, {"Person2": {"type": "uri", "value": "http://dbpedia.org/resource/Jack_Ryan_(politician)"}, "Person1": {"type": "uri", "value": "http://dbpedia.org/resource/Peter_Fitzgerald_(politician)"}}, {"Person2": {"type": "uri", "value": "http://dbpedia.org/resource/Peter_Fitzgerald_(politician)"}, "Person1": {"type": "uri", "value": "http://dbpedia.org/resource/United_States_Senate_career_of_Barack_Obama"}}, {"Person2": {"type": "uri", "value": "http://dbpedia.org/resource/Dick_Durbin"}, "Person1": {"type": "uri", "value": "http://dbpedia.org/resource/United_States_Senate_career_of_Barack_Obama"}}, {"Person2": {"type": "uri", "value": "http://dbpedia.org/resource/Roland_Burris"}, "Person1": {"type": "uri", "value": "http://dbpedia.org/resource/United_States_Senate_career_of_Barack_Obama"}}], "ordered": true}}